Temparature,Humidity,Moisture,Soil Type,Crop Type,Nitrogen,Potassium,Phosphorous,Fertilizer Name
37.0,72.9,48.9,Laterite,Millets,38,22,18,20-20
30.0,71.9,25.8,Sandy,Barley,1,43,23,10-26-26
21.6,48.3,37.2,Black,Groundnuts,21,24,43,17-17-17
30.2,46.3,36.7,Red,Rice,15,46,14,10-26-26
28.3,66.7,26.9,Laterite,Wheat,6,8,20,20-20
37.0,83.5,57.3,Black,Millets,8,1,25,20-20
26.8,45.5,44.8,Laterite,Cotton,46,13,34,28-28
21.6,74.0,42.0,Laterite,Rice,41,28,3,14-35-14
27.0,57.8,62.1,Black,Maize,30,14,47,28-28
21.9,42.0,38.0,Clayey,Barley,15,17,44,20-20
37.3,67.3,36.0,Black,Sugarcane,28,44,14,14-35-14
37.7,74.8,32.9,Alluvial,Rice,23,16,10,20-20
33.8,67.3,62.1,Red,Barley,40,6,27,28-28
24.6,42.9,37.4,Laterite,Pulses,23,34,36,17-17-17
35.7,61.2,29.8,Clayey,Barley,13,0,2,20-20
22.7,51.5,26.6,Black,Sugarcane,14,25,14,20-20
20.2,41.4,50.5,Laterite,Tobacco,31,29,3,14-35-14
30.1,64.3,33.1,Loamy,Sugarcane,12,6,31,DAP
35.6,68.1,36.8,Clayey,Wheat,5,27,27,20-20
35.7,54.6,29.9,Clayey,Cotton,24,32,38,17-17-17
31.0,40.0,39.1,Alluvial,Rice,2,5,38,DAP
26.3,50.0,29.8,Red,Barley,43,14,23,20-20
26.1,42.9,35.2,Alluvial,Groundnuts,11,1,38,DAP
21.0,84.9,35.7,Alluvial,Wheat,1,27,1,20-20
23.6,80.9,34.6,Loamy,Groundnuts,1,25,43,20-20
31.4,74.3,34.5,Loamy,Groundnuts,37,4,23,20-20
30.7,64.1,28.6,Black,Cotton,32,5,8,Urea
24.5,49.9,53.4,Laterite,Wheat,18,31,19,10-26-26
36.8,57.9,45.7,Laterite,Millets,39,10,0,Urea
22.2,64.4,52.8,Alluvial,Pulses,6,25,15,20-20
28.6,50.9,28.7,Laterite,Pulses,11,36,4,10-26-26
23.6,71.5,58.9,Alluvial,Millets,19,32,23,10-26-26
19.7,47.3,60.9,Laterite,Barley,19,47,34,10-26-26
37.5,52.8,37.2,Red,Pulses,1,15,34,20-20
32.2,50.7,38.0,Laterite,Pulses,19,6,7,20-20
24.2,64.4,45.4,Alluvial,Wheat,21,45,21,17-17-17
25.9,80.1,50.2,Clayey,Groundnuts,33,29,20,20-20
31.4,78.9,34.2,Laterite,Rice,47,3,18,20-20
18.9,84.8,43.8,Alluvial,Wheat,45,34,5,14-35-14
36.6,59.3,63.7,Sandy,Pulses,34,20,32,20-20
24.3,47.6,47.3,Alluvial,Millets,30,39,2,14-35-14
30.3,84.6,30.6,Black,Barley,26,1,41,28-28
35.0,46.1,53.4,Alluvial,Tobacco,38,41,28,17-17-17
34.2,79.0,61.5,Black,Millets,6,44,35,10-26-26
19.4,57.9,27.0,Alluvial,Cotton,22,27,14,14-35-14
26.8,70.2,38.1,Black,Maize,21,48,21,17-17-17
34.5,56.2,30.1,Black,Cotton,32,43,7,14-35-14
19.7,42.3,46.3,Loamy,Sugarcane,46,39,34,17-17-17
37.4,72.2,26.6,Sandy,Cotton,18,25,27,20-20
37.3,77.6,52.8,Black,Sugarcane,0,46,0,10-26-26
19.9,48.2,62.4,Clayey,Maize,0,38,15,10-26-26
32.6,42.1,47.6,Clayey,Sugarcane,36,28,21,17-17-17
18.8,78.5,53.1,Loamy,Sugarcane,11,25,15,20-20
27.5,47.8,42.4,Sandy,Tobacco,22,4,9,20-20
23.2,40.7,62.3,Black,Cotton,31,4,0,Urea
36.9,79.0,50.5,Loamy,Cotton,19,11,23,20-20
30.9,60.6,46.8,Red,Maize,36,2,11,Urea
31.0,49.3,36.0,Alluvial,Rice,11,45,30,10-26-26
19.9,70.7,27.8,Sandy,Maize,7,25,28,20-20
24.8,51.7,44.8,Black,Tobacco,49,10,44,28-28
26.4,83.5,46.9,Laterite,Barley,36,23,8,14-35-14
32.6,45.7,35.0,Alluvial,Wheat,31,22,23,17-17-17
26.6,73.8,55.2,Laterite,Sugarcane,40,16,29,20-20
27.9,57.5,36.9,Clayey,Rice,18,35,48,10-26-26
19.8,54.4,63.0,Red,Pulses,18,15,46,20-20
23.9,54.8,51.9,Sandy,Sugarcane,35,15,22,20-20
19.8,62.2,27.3,Loamy,Pulses,30,34,4,14-35-14
25.0,45.3,30.7,Sandy,Millets,9,16,43,20-20
26.5,50.0,40.9,Loamy,Groundnuts,26,4,1,20-20
37.7,56.8,39.8,Clayey,Sugarcane,16,24,6,20-20
25.5,43.8,56.1,Laterite,Cotton,38,9,26,28-28
20.2,62.2,25.5,Red,Tobacco,27,27,19,20-20
34.5,73.5,52.2,Sandy,Barley,27,24,48,17-17-17
22.5,83.3,25.5,Alluvial,Barley,31,46,44,17-17-17
36.5,81.4,35.1,Clayey,Sugarcane,18,17,19,20-20
31.9,60.5,50.1,Alluvial,Pulses,2,22,15,20-20
23.6,82.8,60.6,Red,Pulses,11,27,23,20-20
21.8,60.9,39.1,Black,Sugarcane,49,27,27,17-17-17
23.2,60.4,26.3,Alluvial,Sugarcane,8,19,32,20-20
36.8,58.7,48.2,Sandy,Wheat,24,9,1,20-20
35.3,42.0,26.1,Clayey,Barley,32,17,0,20-20
29.9,57.1,63.8,Red,Rice,26,12,48,28-28
18.7,46.0,25.5,Black,Rice,5,16,27,20-20
33.0,81.1,48.4,Loamy,Sugarcane,36,9,9,Urea
22.8,49.2,35.1,Alluvial,Wheat,44,3,12,Urea
33.1,42.1,35.7,Alluvial,Rice,38,33,25,17-17-17
34.6,53.8,57.7,Clayey,Groundnuts,43,29,4,14-35-14
20.7,41.3,55.2,Alluvial,Pulses,20,1,13,20-20
20.7,40.7,39.0,Loamy,Wheat,33,29,17,20-20
32.5,64.6,43.0,Loamy,Wheat,14,41,29,10-26-26
37.0,46.6,62.1,Alluvial,Wheat,9,19,16,20-20
37.6,62.2,38.2,Sandy,Barley,42,47,42,17-17-17
20.6,45.8,31.1,Loamy,Wheat,15,3,7,20-20
24.9,80.4,44.0,Laterite,Barley,28,49,31,17-17-17
18.8,47.6,36.1,Red,Tobacco,21,5,20,20-20
27.2,49.3,39.6,Sandy,Rice,13,44,25,10-26-26
34.0,68.3,28.3,Black,Pulses,29,47,42,17-17-17
35.4,43.8,48.9,Black,Rice,14,21,46,20-20
25.4,60.8,54.9,Laterite,Tobacco,13,2,6,20-20
33.0,41.4,59.7,Clayey,Millets,37,14,34,28-28
25.5,40.9,37.9,Loamy,Pulses,38,25,21,17-17-17
24.9,61.3,39.2,Alluvial,Pulses,40,17,44,20-20
32.7,65.1,48.5,Loamy,Cotton,43,41,18,20-20
25.3,69.1,47.8,Sandy,Pulses,44,36,5,14-35-14
18.2,50.1,39.6,Alluvial,Pulses,47,29,3,14-35-14
34.8,42.3,25.7,Loamy,Barley,36,23,35,17-17-17
29.5,81.3,25.2,Black,Groundnuts,48,37,29,17-17-17
36.6,65.1,47.9,Clayey,Wheat,44,4,43,28-28
24.5,59.1,45.3,Black,Groundnuts,48,46,11,14-35-14
33.4,43.9,45.2,Black,Rice,35,42,12,14-35-14
25.4,60.4,46.9,Alluvial,Wheat,9,1,43,DAP
19.8,46.2,25.1,Black,Barley,8,14,10,20-20
26.2,55.7,62.2,Clayey,Barley,43,13,49,28-28
36.8,48.2,27.7,Red,Sugarcane,39,28,21,17-17-17
33.9,49.1,31.5,Red,Barley,20,4,36,20-20
30.7,80.9,37.6,Red,Wheat,41,17,24,20-20
32.3,80.5,50.0,Loamy,Barley,32,14,22,20-20
25.1,57.6,46.3,Alluvial,Rice,39,38,39,17-17-17
36.8,68.2,38.4,Clayey,Wheat,14,28,46,20-20
32.8,65.8,64.9,Laterite,Rice,32,26,36,17-17-17
18.7,65.6,55.5,Alluvial,Millets,9,37,32,10-26-26
20.5,57.9,56.9,Sandy,Cotton,4,46,28,10-26-26
33.4,40.5,48.9,Laterite,Cotton,35,25,35,17-17-17
21.6,80.9,48.3,Laterite,Sugarcane,7,46,22,10-26-26
30.3,81.0,30.6,Clayey,Tobacco,17,32,24,10-26-26
29.9,44.6,61.8,Laterite,Barley,4,7,36,DAP
29.5,67.3,42.0,Alluvial,Tobacco,28,39,13,14-35-14
36.2,45.5,34.4,Clayey,Pulses,25,35,45,17-17-17
36.4,79.1,45.8,Loamy,Groundnuts,39,20,14,20-20
24.7,76.1,25.2,Sandy,Pulses,40,24,34,17-17-17
36.5,61.0,44.2,Red,Tobacco,26,42,16,20-20
21.5,62.4,41.8,Clayey,Wheat,23,48,32,17-17-17
18.3,69.9,32.1,Black,Groundnuts,19,48,40,10-26-26
35.2,64.1,32.4,Clayey,Cotton,6,31,0,10-26-26
22.2,80.4,33.2,Red,Millets,28,44,48,17-17-17
19.3,74.9,43.1,Red,Barley,1,48,27,10-26-26
29.2,47.0,32.3,Clayey,Maize,28,2,38,28-28
35.9,63.7,57.0,Black,Tobacco,27,49,31,17-17-17
26.2,64.8,35.2,Sandy,Millets,22,46,7,14-35-14
35.7,65.1,53.8,Red,Sugarcane,34,23,31,17-17-17
34.6,57.9,51.7,Clayey,Barley,20,30,13,20-20
18.3,43.8,33.3,Black,Millets,18,18,47,20-20
26.4,80.2,57.7,Sandy,Cotton,19,41,10,10-26-26
29.8,52.1,50.0,Red,Maize,37,8,29,28-28
23.9,82.7,55.5,Sandy,Maize,23,9,16,20-20
35.9,76.0,42.0,Red,Barley,16,8,13,20-20
30.7,51.6,30.6,Black,Barley,42,3,45,28-28
36.0,71.1,52.3,Black,Tobacco,5,20,17,20-20
28.0,43.0,41.2,Laterite,Tobacco,37,22,11,14-35-14
20.8,51.9,35.7,Black,Sugarcane,26,33,39,17-17-17
21.5,81.1,41.8,Sandy,Pulses,27,1,45,28-28
21.7,44.1,55.8,Red,Groundnuts,28,10,20,20-20
25.1,72.4,36.9,Red,Barley,34,46,33,17-17-17
20.7,61.8,35.8,Clayey,Barley,46,18,19,20-20
19.0,62.3,48.9,Laterite,Wheat,33,25,8,14-35-14
24.9,55.8,41.5,Sandy,Maize,42,41,39,17-17-17
19.5,43.5,25.1,Loamy,Pulses,29,33,37,17-17-17
19.8,81.3,30.5,Sandy,Wheat,9,46,48,10-26-26
32.6,76.3,51.4,Red,Barley,15,7,5,20-20
27.8,50.0,64.5,Black,Pulses,44,46,25,17-17-17
38.0,65.0,43.9,Loamy,Tobacco,6,14,13,20-20
23.9,81.6,63.8,Loamy,Sugarcane,22,17,28,20-20
27.1,63.5,50.8,Loamy,Cotton,13,23,30,20-20
20.4,43.5,52.9,Laterite,Wheat,39,22,25,17-17-17
34.1,64.2,51.5,Loamy,Millets,12,32,17,10-26-26
22.7,41.1,59.8,Laterite,Tobacco,29,12,12,20-20
19.4,40.4,27.1,Red,Maize,48,43,28,17-17-17
37.7,74.6,41.7,Laterite,Pulses,38,4,19,20-20
18.1,61.0,36.9,Clayey,Rice,49,17,3,20-20
23.5,81.0,26.8,Alluvial,Sugarcane,14,23,48,20-20
37.1,75.9,35.4,Laterite,Cotton,5,45,38,10-26-26
36.1,84.5,54.7,Red,Barley,3,19,7,20-20
34.6,45.4,26.9,Sandy,Groundnuts,25,48,40,17-17-17
34.5,76.0,50.2,Red,Tobacco,22,8,48,20-20
37.9,47.8,40.8,Laterite,Wheat,49,16,17,20-20
34.3,50.1,34.0,Red,Barley,46,8,24,20-20
35.2,60.6,40.6,Clayey,Cotton,27,8,28,28-28
35.0,41.6,38.2,Alluvial,Wheat,24,10,4,20-20
25.5,51.7,53.9,Laterite,Maize,25,5,17,20-20
20.2,80.3,64.7,Laterite,Sugarcane,49,44,39,17-17-17
29.4,69.8,46.8,Black,Wheat,12,32,44,10-26-26
35.4,51.0,31.3,Red,Groundnuts,47,12,40,28-28
31.6,67.8,55.1,Sandy,Pulses,6,42,4,10-26-26
18.6,77.2,30.2,Alluvial,Tobacco,42,38,29,17-17-17
29.1,74.0,35.3,Laterite,Maize,1,12,31,DAP
30.6,51.7,50.4,Alluvial,Rice,23,34,44,17-17-17
33.2,64.4,63.5,Red,Groundnuts,27,29,14,14-35-14
33.8,47.8,55.8,Sandy,Sugarcane,3,16,26,20-20
29.6,55.6,49.8,Alluvial,Groundnuts,17,13,49,20-20
20.6,74.1,26.0,Red,Cotton,10,5,32,DAP
31.7,60.1,35.9,Red,Wheat,28,16,3,20-20
35.1,63.7,58.0,Sandy,Wheat,10,1,31,DAP
20.6,79.1,63.5,Clayey,Cotton,27,20,28,20-20
37.3,74.2,42.7,Red,Sugarcane,0,14,37,DAP
22.0,79.1,53.6,Sandy,Maize,17,43,14,10-26-26
21.7,79.1,56.1,Laterite,Barley,14,45,26,10-26-26
18.4,75.9,36.8,Laterite,Maize,23,19,2,20-20
20.3,45.6,52.4,Clayey,Pulses,35,37,8,14-35-14
19.3,66.2,35.8,Laterite,Pulses,23,10,7,20-20
19.4,57.7,44.2,Sandy,Rice,30,31,37,17-17-17
37.1,80.9,54.0,Alluvial,Pulses,23,16,40,20-20
20.8,62.4,49.7,Clayey,Pulses,19,9,32,20-20
24.5,63.3,28.5,Black,Barley,12,32,29,10-26-26
25.9,46.0,47.7,Black,Cotton,45,14,49,28-28
21.3,44.7,50.5,Black,Maize,2,8,5,20-20
19.0,64.4,53.4,Alluvial,Groundnuts,7,49,7,10-26-26
30.2,61.8,51.4,Clayey,Cotton,15,5,3,20-20
27.0,69.0,46.1,Clayey,Tobacco,41,10,13,Urea
29.9,69.3,44.2,Clayey,Maize,18,35,45,10-26-26
33.8,69.6,44.9,Sandy,Barley,17,17,5,20-20
24.6,64.4,44.7,Clayey,Wheat,27,34,9,14-35-14
22.1,77.8,32.0,Loamy,Groundnuts,20,23,30,20-20
24.9,56.7,64.5,Sandy,Cotton,23,48,49,17-17-17
26.8,72.6,44.5,Alluvial,Wheat,1,33,14,10-26-26
31.1,84.6,36.4,Clayey,Cotton,11,44,2,10-26-26
32.7,45.9,53.6,Sandy,Maize,47,22,29,17-17-17
25.5,63.1,41.5,Laterite,Tobacco,37,40,44,17-17-17
26.1,66.7,48.2,Laterite,Groundnuts,19,38,1,10-26-26
25.8,83.6,35.3,Alluvial,Groundnuts,36,0,4,Urea
20.6,83.6,43.2,Laterite,Barley,10,2,9,20-20
24.6,60.2,51.8,Clayey,Groundnuts,40,4,0,Urea
37.0,51.4,39.4,Red,Cotton,27,36,42,17-17-17
27.5,78.0,57.2,Laterite,Sugarcane,27,14,46,28-28
28.8,41.5,64.5,Laterite,Groundnuts,8,19,36,20-20
30.8,50.1,32.2,Sandy,Tobacco,4,48,32,10-26-26
31.8,57.9,44.2,Clayey,Wheat,42,24,33,17-17-17
35.4,60.5,45.6,Sandy,Maize,49,43,22,17-17-17
20.5,46.0,30.7,Laterite,Groundnuts,49,7,41,28-28
19.9,70.3,42.8,Sandy,Maize,4,21,46,20-20
34.8,82.5,52.3,Alluvial,Maize,49,16,17,20-20
29.4,41.4,62.2,Loamy,Tobacco,45,32,3,14-35-14
36.8,77.2,51.7,Red,Rice,40,27,25,17-17-17
30.1,54.3,59.7,Black,Maize,24,12,47,20-20
29.3,73.2,60.1,Sandy,Pulses,37,3,45,28-28
34.2,74.3,56.9,Red,Groundnuts,18,10,44,20-20
28.9,40.3,38.0,Clayey,Rice,11,14,6,20-20
25.8,60.2,34.5,Red,Sugarcane,48,43,34,17-17-17
29.7,47.6,50.7,Black,Groundnuts,1,8,45,DAP
35.3,63.4,44.2,Sandy,Wheat,28,24,25,17-17-17
28.5,51.1,44.1,Black,Sugarcane,42,22,47,17-17-17
32.4,83.0,25.7,Clayey,Groundnuts,22,15,42,20-20
37.1,69.5,40.2,Laterite,Sugarcane,3,12,20,20-20
20.0,61.9,35.3,Red,Groundnuts,45,28,26,17-17-17
30.2,72.2,35.9,Black,Wheat,3,24,25,20-20
35.2,76.0,32.4,Loamy,Millets,48,41,41,17-17-17
26.5,43.9,57.6,Laterite,Barley,43,41,44,17-17-17
34.4,79.8,34.1,Clayey,Millets,8,9,14,20-20
25.2,80.8,55.8,Black,Barley,48,26,25,17-17-17
23.5,77.0,41.9,Laterite,Sugarcane,9,17,24,20-20
21.0,59.1,31.1,Laterite,Wheat,48,43,34,17-17-17
22.3,44.3,25.9,Alluvial,Maize,14,27,34,20-20
22.6,57.6,48.8,Red,Millets,24,34,1,14-35-14
31.5,59.9,42.8,Sandy,Millets,40,10,48,28-28
34.4,67.1,38.5,Laterite,Millets,31,44,38,17-17-17
35.9,48.6,37.9,Sandy,Cotton,5,38,40,10-26-26
28.4,43.0,57.0,Sandy,Cotton,26,20,31,20-20
29.9,70.6,34.2,Clayey,Barley,2,5,21,20-20
25.6,56.3,64.8,Loamy,Maize,22,7,29,20-20
19.8,83.3,50.4,Laterite,Groundnuts,46,41,15,20-20
33.1,55.6,51.6,Loamy,Pulses,19,15,2,20-20
37.5,40.9,54.5,Laterite,Millets,43,29,0,14-35-14
30.5,44.0,55.2,Laterite,Sugarcane,32,11,15,20-20
32.2,41.6,37.1,Laterite,Groundnuts,49,1,44,28-28
24.9,50.8,45.4,Sandy,Pulses,2,25,22,20-20
28.3,81.4,44.9,Black,Cotton,21,41,36,17-17-17
28.8,68.3,52.0,Black,Rice,41,13,29,28-28
33.8,53.7,28.2,Red,Groundnuts,20,1,34,20-20
24.9,83.9,50.6,Red,Maize,24,24,1,14-35-14
36.5,61.9,49.3,Alluvial,Groundnuts,45,34,2,14-35-14
20.9,56.5,27.7,Clayey,Pulses,33,24,3,14-35-14
29.0,83.5,42.3,Sandy,Cotton,12,13,30,20-20
23.6,78.3,25.0,Black,Cotton,42,22,1,14-35-14
19.2,75.1,43.4,Loamy,Wheat,1,49,10,10-26-26
37.7,50.8,30.7,Loamy,Barley,8,45,27,10-26-26
31.8,42.8,45.4,Loamy,Wheat,38,16,39,20-20
22.4,47.8,51.2,Loamy,Sugarcane,37,49,38,17-17-17
26.1,69.4,39.2,Laterite,Sugarcane,26,21,27,17-17-17
25.7,83.4,34.9,Sandy,Millets,26,37,20,20-20
31.6,48.5,49.8,Black,Sugarcane,12,25,20,20-20
37.5,76.1,63.4,Sandy,Maize,35,34,16,20-20
30.9,62.5,35.6,Laterite,Rice,25,33,3,14-35-14
31.0,76.5,49.6,Laterite,Cotton,28,41,37,17-17-17
35.8,83.0,56.5,Black,Sugarcane,8,0,40,DAP
19.5,52.6,62.2,Laterite,Maize,39,27,20,20-20
25.7,60.3,34.1,Black,Millets,16,23,22,20-20
32.7,63.0,52.2,Sandy,Wheat,12,22,7,20-20
34.0,44.7,26.4,Sandy,Rice,19,39,20,10-26-26
23.9,55.7,56.0,Loamy,Tobacco,6,42,27,10-26-26
29.0,77.4,27.7,Sandy,Tobacco,9,46,37,10-26-26
33.6,50.3,64.0,Loamy,Rice,14,2,49,DAP
30.3,74.9,50.8,Laterite,Rice,49,20,9,20-20
27.5,45.1,44.4,Laterite,Cotton,31,15,30,20-20
18.9,45.0,48.9,Red,Maize,8,39,24,10-26-26
21.3,52.3,62.1,Alluvial,Tobacco,43,45,31,17-17-17
23.7,76.7,59.5,Sandy,Rice,48,40,11,14-35-14
33.1,60.7,58.7,Sandy,Maize,39,6,45,28-28
19.1,54.4,55.1,Laterite,Millets,24,27,21,17-17-17
20.6,72.7,57.7,Black,Maize,30,22,14,14-35-14
32.7,64.4,48.6,Laterite,Barley,2,22,18,20-20
30.7,74.3,31.4,Laterite,Millets,41,7,15,20-20
32.5,84.6,29.0,Laterite,Rice,31,33,41,17-17-17
32.8,76.7,49.6,Black,Pulses,1,47,40,10-26-26
28.5,78.2,58.6,Laterite,Pulses,11,13,16,20-20
33.2,70.5,55.3,Black,Pulses,30,18,5,20-20
25.4,60.2,53.9,Black,Sugarcane,23,25,34,17-17-17
26.3,71.3,25.1,Clayey,Sugarcane,37,3,45,28-28
19.9,66.5,44.2,Sandy,Pulses,13,23,2,20-20
29.2,65.2,49.1,Black,Sugarcane,33,17,29,20-20
18.5,54.5,50.5,Loamy,Wheat,18,23,21,20-20
22.2,77.1,45.8,Clayey,Tobacco,44,29,35,17-17-17
26.7,44.0,33.8,Alluvial,Millets,27,10,46,28-28
24.0,47.8,50.5,Laterite,Pulses,19,46,47,10-26-26
34.8,57.3,47.9,Loamy,Groundnuts,15,9,4,20-20
18.5,41.1,58.3,Red,Maize,44,16,5,20-20
19.1,78.4,34.0,Sandy,Wheat,4,36,28,10-26-26
26.7,82.2,53.2,Alluvial,Cotton,25,38,3,14-35-14
36.2,75.1,25.3,Black,Millets,40,43,45,17-17-17
36.5,61.2,25.5,Loamy,Pulses,23,41,43,17-17-17
23.5,52.4,56.5,Laterite,Groundnuts,9,15,15,20-20
27.0,75.0,27.6,Loamy,Groundnuts,44,42,35,17-17-17
36.1,46.3,46.3,Black,Cotton,32,6,26,28-28
22.7,73.0,46.9,Loamy,Groundnuts,23,47,14,14-35-14
19.0,58.8,35.4,Sandy,Millets,36,17,20,20-20
32.5,48.6,38.5,Red,Sugarcane,24,11,20,20-20
20.3,46.8,34.0,Sandy,Pulses,41,21,6,14-35-14
28.5,45.2,59.4,Alluvial,Millets,42,38,40,17-17-17
28.9,43.7,43.3,Alluvial,Groundnuts,0,20,9,20-20
31.3,49.7,28.9,Black,Sugarcane,15,38,47,10-26-26
19.2,63.1,57.3,Laterite,Groundnuts,9,48,34,10-26-26
21.3,54.9,55.3,Sandy,Millets,21,39,14,14-35-14
35.6,79.2,34.6,Loamy,Sugarcane,40,27,39,17-17-17
18.5,42.9,43.6,Alluvial,Tobacco,7,32,43,10-26-26
34.0,56.7,43.1,Laterite,Tobacco,49,18,42,20-20
21.9,48.4,28.8,Red,Sugarcane,27,35,40,17-17-17
24.2,68.9,32.8,Sandy,Sugarcane,45,17,39,20-20
31.9,75.7,37.7,Laterite,Tobacco,2,2,44,DAP
37.7,46.3,33.1,Red,Maize,7,31,36,10-26-26
34.0,83.5,59.3,Laterite,Sugarcane,8,10,11,20-20
26.4,84.3,51.7,Alluvial,Millets,12,3,33,DAP
26.5,47.3,25.5,Black,Groundnuts,24,32,2,14-35-14
34.5,49.4,40.2,Alluvial,Cotton,34,28,27,17-17-17
36.4,45.0,55.4,Laterite,Pulses,10,46,1,10-26-26
23.1,76.9,60.2,Sandy,Pulses,29,47,25,17-17-17
34.5,44.5,34.6,Laterite,Sugarcane,33,46,40,17-17-17
30.3,59.6,48.1,Black,Maize,16,43,4,10-26-26
20.5,70.4,38.0,Alluvial,Wheat,39,46,27,17-17-17
35.1,50.2,58.5,Clayey,Millets,22,3,2,20-20
22.3,56.2,27.7,Alluvial,Tobacco,45,35,13,14-35-14
34.1,42.7,61.0,Loamy,Rice,32,26,5,14-35-14
20.2,60.1,43.4,Red,Millets,35,34,7,14-35-14
34.0,61.6,25.7,Clayey,Wheat,39,13,23,20-20
23.6,78.6,36.7,Clayey,Tobacco,2,18,41,20-20
18.4,83.3,54.1,Laterite,Pulses,18,13,46,20-20
20.4,43.1,35.5,Clayey,Barley,8,24,32,20-20
22.5,72.9,49.0,Red,Sugarcane,3,7,27,20-20
24.6,55.3,64.6,Alluvial,Maize,15,48,28,10-26-26
37.9,78.5,45.9,Red,Wheat,4,19,47,20-20
27.8,73.2,46.0,Red,Sugarcane,8,34,3,10-26-26
35.6,65.7,45.7,Black,Rice,46,11,39,28-28
27.3,46.2,38.6,Laterite,Groundnuts,28,39,21,17-17-17
26.9,75.5,50.6,Red,Sugarcane,6,27,27,20-20
33.7,83.7,35.5,Clayey,Cotton,23,26,33,17-17-17
28.1,68.5,27.8,Alluvial,Millets,24,16,17,20-20
36.1,50.7,43.8,Black,Groundnuts,28,48,44,17-17-17
30.2,52.6,33.3,Clayey,Wheat,12,48,37,10-26-26
34.7,78.0,36.4,Clayey,Rice,38,48,20,20-20
18.9,52.5,57.7,Red,Tobacco,48,16,40,20-20
24.9,62.8,60.0,Sandy,Barley,12,45,10,10-26-26
20.6,52.4,40.8,Red,Wheat,43,11,18,20-20
32.3,67.4,37.4,Sandy,Barley,44,38,25,17-17-17
18.0,68.6,27.0,Sandy,Tobacco,44,22,46,17-17-17
35.4,51.6,51.6,Loamy,Rice,32,17,35,20-20
29.9,64.7,61.0,Red,Sugarcane,11,40,14,10-26-26
31.4,70.5,39.5,Black,Millets,10,9,12,20-20
36.3,67.6,59.9,Red,Maize,19,26,5,20-20
28.6,77.3,64.7,Black,Sugarcane,1,40,16,10-26-26
27.7,66.0,26.7,Red,Wheat,20,30,48,20-20
34.3,43.0,40.5,Loamy,Pulses,42,35,17,20-20
23.5,53.8,56.6,Sandy,Wheat,43,31,33,17-17-17
35.2,81.2,42.2,Red,Wheat,39,47,10,14-35-14
30.0,71.8,52.5,Red,Tobacco,38,27,33,17-17-17
20.9,80.1,38.8,Loamy,Sugarcane,19,28,18,20-20
25.6,40.3,40.4,Laterite,Tobacco,26,48,10,14-35-14
34.9,63.9,58.7,Clayey,Rice,11,0,37,DAP
20.8,61.9,26.1,Alluvial,Cotton,2,44,10,10-26-26
18.8,41.4,40.5,Black,Cotton,41,5,49,28-28
20.6,77.6,39.8,Clayey,Sugarcane,36,22,34,17-17-17
37.9,64.5,28.5,Laterite,Groundnuts,46,44,16,20-20
37.6,61.5,46.3,Laterite,Groundnuts,44,22,21,17-17-17
24.0,51.7,32.8,Red,Wheat,48,45,20,20-20
34.6,64.5,31.6,Laterite,Sugarcane,23,12,34,20-20
22.1,75.2,54.4,Red,Maize,17,21,39,20-20
27.2,72.9,30.9,Black,Pulses,4,36,16,10-26-26
22.6,83.4,61.4,Clayey,Cotton,10,46,44,10-26-26
32.9,64.7,27.3,Sandy,Groundnuts,19,45,40,10-26-26
37.4,82.7,45.5,Laterite,Tobacco,43,31,43,17-17-17
24.0,62.1,45.9,Loamy,Groundnuts,23,14,22,20-20
29.5,79.0,64.2,Red,Pulses,17,46,27,10-26-26
37.1,49.0,29.4,Loamy,Cotton,44,16,16,20-20
35.9,42.8,60.3,Alluvial,Rice,4,46,12,10-26-26
27.5,70.9,53.9,Black,Millets,9,20,41,20-20
23.6,49.5,63.3,Alluvial,Maize,46,18,34,20-20
34.6,53.3,25.6,Black,Maize,0,24,35,20-20
19.4,40.3,62.5,Alluvial,Sugarcane,8,35,0,10-26-26
20.1,58.0,53.9,Black,Wheat,13,29,3,20-20
25.0,45.0,57.3,Red,Groundnuts,44,33,31,17-17-17
35.4,70.7,29.5,Red,Wheat,33,15,41,20-20
20.9,72.0,51.7,Laterite,Groundnuts,30,38,33,17-17-17
36.6,58.2,61.2,Loamy,Wheat,28,38,38,17-17-17
30.8,84.1,49.1,Alluvial,Rice,18,21,24,20-20
28.1,60.2,48.4,Loamy,Rice,7,31,19,10-26-26
27.3,50.6,37.1,Clayey,Maize,14,29,21,20-20
36.3,72.4,41.1,Sandy,Cotton,30,33,13,14-35-14
32.4,52.2,41.1,Black,Maize,30,28,48,17-17-17
23.5,71.8,27.5,Black,Tobacco,49,40,7,14-35-14
36.8,43.7,62.2,Sandy,Groundnuts,0,18,42,20-20
35.3,65.7,61.3,Red,Pulses,12,48,18,10-26-26
31.5,45.2,26.7,Laterite,Groundnuts,28,26,32,17-17-17
18.1,47.5,53.5,Loamy,Pulses,12,32,36,10-26-26
20.6,70.4,62.8,Laterite,Barley,8,19,20,20-20
30.9,42.2,39.4,Red,Wheat,47,27,38,17-17-17
27.2,49.4,39.7,Red,Pulses,43,6,40,28-28
26.3,77.0,59.0,Sandy,Pulses,15,8,8,20-20
32.6,69.1,56.8,Red,Groundnuts,22,44,44,17-17-17
20.7,69.3,54.5,Alluvial,Maize,27,43,5,14-35-14
32.3,49.0,60.6,Laterite,Sugarcane,42,12,34,28-28
20.2,63.2,35.7,Alluvial,Pulses,9,12,45,DAP
24.7,40.9,30.0,Clayey,Sugarcane,9,24,34,20-20
24.6,80.8,35.7,Loamy,Wheat,28,24,42,17-17-17
28.4,70.5,37.5,Black,Cotton,27,46,15,20-20
37.5,45.6,25.7,Laterite,Rice,46,40,29,17-17-17
23.3,40.8,36.7,Sandy,Maize,32,11,6,Urea
29.0,79.6,52.0,Laterite,Sugarcane,31,7,10,Urea
33.6,60.6,40.9,Loamy,Rice,3,2,39,DAP
22.9,61.8,54.9,Sandy,Pulses,22,25,43,17-17-17
37.8,50.8,46.2,Black,Cotton,19,10,49,20-20
22.1,72.7,49.8,Alluvial,Groundnuts,25,9,24,20-20
37.6,63.7,61.3,Red,Wheat,30,10,27,28-28
36.9,55.2,54.0,Alluvial,Rice,46,40,30,17-17-17
20.9,40.4,50.2,Black,Maize,10,49,32,10-26-26
33.2,55.9,63.0,Red,Groundnuts,45,5,4,Urea
34.1,60.7,46.9,Clayey,Groundnuts,12,29,30,20-20
35.3,61.7,60.9,Clayey,Wheat,43,16,32,20-20
25.8,69.7,29.4,Red,Maize,3,47,34,10-26-26
37.6,65.6,35.4,Red,Barley,24,18,17,20-20
22.3,40.6,25.6,Loamy,Millets,43,33,28,17-17-17
25.9,82.9,63.7,Red,Rice,7,41,12,10-26-26
32.4,51.1,50.6,Clayey,Barley,38,19,16,20-20
33.4,62.5,25.5,Black,Barley,9,36,35,10-26-26
30.7,50.0,37.9,Loamy,Tobacco,1,47,7,10-26-26
22.9,58.1,60.8,Sandy,Groundnuts,44,35,9,14-35-14
26.0,81.4,64.7,Clayey,Pulses,31,28,24,17-17-17
30.7,44.1,26.3,Alluvial,Millets,34,38,48,17-17-17
30.4,84.7,40.5,Clayey,Tobacco,26,3,17,20-20
36.0,79.5,64.0,Black,Rice,22,10,9,20-20
22.6,83.0,30.9,Alluvial,Pulses,44,28,40,17-17-17
32.4,65.3,42.1,Sandy,Cotton,11,18,25,20-20
36.1,78.1,41.0,Loamy,Millets,13,22,3,20-20
28.0,49.2,48.6,Laterite,Tobacco,40,18,47,20-20
22.1,43.2,27.8,Clayey,Millets,14,36,34,10-26-26
19.9,77.2,26.9,Red,Rice,35,28,33,17-17-17
34.5,63.2,43.5,Black,Barley,22,4,44,20-20
28.6,66.6,27.5,Clayey,Sugarcane,5,9,36,DAP
22.1,40.5,42.5,Loamy,Barley,21,3,46,20-20
31.3,73.4,58.9,Red,Groundnuts,22,29,49,17-17-17
23.1,52.2,30.0,Alluvial,Sugarcane,47,35,46,17-17-17
25.9,66.6,51.4,Clayey,Millets,30,9,41,28-28
28.4,52.1,50.1,Loamy,Maize,21,3,16,20-20
32.3,74.2,29.1,Loamy,Cotton,0,35,24,10-26-26
27.0,47.2,32.2,Alluvial,Rice,38,0,5,Urea
32.6,78.8,36.0,Black,Millets,40,8,28,28-28
31.3,47.1,29.8,Clayey,Groundnuts,48,47,11,14-35-14
24.2,61.7,45.3,Alluvial,Millets,31,17,3,20-20
33.6,45.6,56.9,Red,Rice,32,33,13,14-35-14
29.2,62.5,53.2,Laterite,Millets,32,39,48,17-17-17
28.1,72.3,59.5,Sandy,Wheat,12,34,47,10-26-26
22.5,79.6,57.4,Laterite,Wheat,30,43,3,14-35-14
35.4,70.3,56.9,Black,Millets,6,2,13,20-20
36.1,40.5,52.0,Loamy,Maize,32,11,48,28-28
21.8,58.5,62.4,Red,Sugarcane,4,13,27,20-20
22.9,56.0,28.4,Clayey,Sugarcane,40,21,18,20-20
19.1,56.8,62.8,Red,Sugarcane,12,6,19,20-20
33.6,75.3,49.0,Clayey,Millets,19,23,28,20-20
26.6,84.1,27.7,Loamy,Maize,28,16,9,20-20
29.0,84.1,47.2,Clayey,Maize,17,19,25,20-20
24.9,57.9,35.6,Alluvial,Pulses,9,24,33,20-20
23.7,69.6,63.7,Black,Wheat,42,26,38,17-17-17
23.9,44.1,49.0,Laterite,Groundnuts,19,46,34,10-26-26
30.8,71.7,39.9,Clayey,Maize,26,8,9,20-20
24.3,52.2,48.9,Clayey,Rice,28,0,3,20-20
27.0,67.6,33.5,Black,Wheat,47,21,20,20-20
25.5,42.3,50.1,Black,Cotton,44,6,3,Urea
27.0,83.1,41.0,Alluvial,Rice,44,41,45,17-17-17
20.0,40.4,42.3,Clayey,Groundnuts,34,24,20,20-20
28.3,59.7,64.9,Sandy,Cotton,27,42,16,20-20
22.8,72.1,28.7,Alluvial,Pulses,48,46,22,17-17-17
18.6,56.0,25.6,Loamy,Cotton,42,33,47,17-17-17
27.2,73.0,49.3,Red,Barley,10,17,15,20-20
35.7,57.2,44.7,Black,Millets,12,2,45,DAP
32.9,73.2,45.9,Clayey,Tobacco,45,16,41,20-20
29.7,64.2,35.8,Sandy,Pulses,27,36,32,17-17-17
33.7,60.4,50.2,Black,Pulses,42,39,37,17-17-17
31.0,82.1,27.6,Black,Cotton,33,10,21,20-20
22.0,66.6,41.3,Alluvial,Tobacco,42,3,23,20-20
32.3,40.5,41.4,Loamy,Rice,37,20,37,20-20
21.7,69.9,60.3,Alluvial,Sugarcane,44,19,46,20-20
34.1,40.4,62.0,Red,Wheat,26,22,41,17-17-17
32.9,43.4,59.9,Sandy,Pulses,44,31,45,17-17-17
24.5,55.9,45.2,Sandy,Millets,38,32,15,20-20
36.1,43.5,58.2,Sandy,Rice,38,40,21,17-17-17
31.5,77.7,59.4,Sandy,Groundnuts,2,21,29,20-20
27.2,58.5,53.9,Sandy,Pulses,46,22,47,17-17-17
18.0,72.3,54.3,Loamy,Rice,17,21,29,20-20
24.9,58.6,54.3,Alluvial,Groundnuts,13,46,9,10-26-26
20.4,49.5,37.4,Laterite,Wheat,38,18,46,20-20
33.0,65.7,64.4,Loamy,Groundnuts,8,32,46,10-26-26
31.6,58.5,55.1,Red,Rice,28,33,49,17-17-17
35.4,68.4,46.3,Sandy,Wheat,12,48,47,10-26-26
24.7,46.4,52.7,Sandy,Sugarcane,6,4,12,20-20
31.6,74.8,63.1,Alluvial,Tobacco,0,16,48,20-20
27.5,65.2,50.1,Red,Pulses,31,15,25,20-20
32.5,64.1,58.4,Clayey,Pulses,21,40,15,20-20
24.7,75.6,43.1,Laterite,Wheat,18,1,18,20-20
27.7,40.6,41.4,Sandy,Pulses,39,47,17,20-20
27.6,48.2,54.7,Clayey,Maize,14,48,27,10-26-26
28.3,84.5,34.3,Black,Maize,28,28,41,17-17-17
19.4,72.8,49.3,Red,Wheat,3,30,10,20-20
34.8,56.8,50.3,Clayey,Maize,33,47,14,14-35-14
33.3,66.3,56.3,Laterite,Pulses,44,31,38,17-17-17
20.8,70.2,49.8,Laterite,Tobacco,28,27,6,14-35-14
35.8,73.7,61.3,Loamy,Pulses,22,2,30,20-20
35.8,66.0,50.3,Black,Sugarcane,41,41,11,14-35-14
21.7,67.0,59.5,Red,Groundnuts,29,9,11,20-20
31.9,57.2,57.9,Black,Rice,17,48,31,10-26-26
23.3,82.3,50.5,Alluvial,Groundnuts,0,44,29,10-26-26
23.6,69.5,58.0,Black,Sugarcane,9,14,38,DAP
37.7,75.4,55.9,Loamy,Cotton,19,32,11,10-26-26
27.3,51.9,41.6,Alluvial,Barley,31,14,34,28-28
18.8,70.0,37.9,Laterite,Sugarcane,45,28,39,17-17-17
34.5,78.0,35.0,Sandy,Millets,37,26,47,17-17-17
24.5,73.7,57.3,Laterite,Cotton,9,44,2,10-26-26
18.8,58.5,30.2,Loamy,Wheat,10,10,20,20-20
18.3,40.8,61.7,Red,Sugarcane,48,35,31,17-17-17
28.2,40.2,62.5,Loamy,Millets,4,9,20,20-20
19.4,68.7,54.3,Alluvial,Wheat,1,42,9,10-26-26
29.4,79.1,40.2,Laterite,Pulses,33,4,27,28-28
26.9,62.2,59.4,Red,Sugarcane,41,37,19,20-20
19.1,60.5,52.0,Clayey,Pulses,17,10,22,20-20
28.0,71.1,52.9,Laterite,Sugarcane,40,21,9,14-35-14
30.7,67.0,32.2,Alluvial,Wheat,11,21,21,20-20
27.1,82.7,27.4,Loamy,Maize,49,32,47,17-17-17
32.0,77.7,57.1,Red,Millets,29,2,37,28-28
26.0,46.9,47.9,Black,Barley,37,35,1,14-35-14
32.8,44.3,48.8,Black,Groundnuts,19,28,7,20-20
19.7,67.3,60.2,Black,Barley,15,42,45,10-26-26
37.5,70.8,40.0,Sandy,Millets,22,8,23,20-20
18.6,80.4,49.9,Red,Wheat,7,30,14,20-20
20.6,55.6,42.4,Clayey,Sugarcane,11,16,48,20-20
24.1,64.8,56.6,Clayey,Tobacco,6,33,43,10-26-26
23.4,44.5,31.7,Black,Cotton,36,2,19,20-20
21.3,45.1,25.3,Clayey,Sugarcane,22,10,39,20-20
22.7,45.8,35.3,Sandy,Barley,48,12,35,28-28
21.4,80.4,56.1,Sandy,Cotton,37,22,23,17-17-17
34.6,71.8,49.7,Black,Groundnuts,4,9,37,DAP
24.2,40.1,32.0,Clayey,Barley,22,0,16,20-20
24.1,77.0,27.3,Loamy,Millets,33,21,8,14-35-14
31.3,75.0,59.5,Black,Pulses,14,38,14,10-26-26
36.8,40.7,45.9,Alluvial,Rice,12,8,15,20-20
31.2,45.3,57.0,Red,Groundnuts,15,3,38,20-20
36.1,80.0,57.7,Clayey,Pulses,5,12,18,20-20
27.8,69.0,34.2,Laterite,Pulses,38,24,7,14-35-14
29.4,48.3,36.1,Loamy,Groundnuts,27,44,2,14-35-14
36.1,67.2,48.1,Black,Groundnuts,7,13,5,20-20
25.3,43.9,47.3,Black,Wheat,30,4,28,28-28
18.5,51.4,45.8,Alluvial,Cotton,19,21,38,20-20
30.5,67.0,27.1,Sandy,Cotton,12,35,16,10-26-26
25.0,44.2,44.4,Alluvial,Rice,49,44,26,17-17-17
30.2,81.6,56.4,Clayey,Millets,12,36,38,10-26-26
33.2,47.0,44.5,Laterite,Rice,17,29,16,20-20
33.4,57.9,58.1,Sandy,Millets,12,20,42,20-20
30.9,50.2,51.8,Loamy,Sugarcane,9,30,43,20-20
30.5,52.5,59.1,Loamy,Sugarcane,8,0,46,DAP
27.0,50.7,27.0,Red,Wheat,32,13,44,28-28
21.8,81.5,52.8,Alluvial,Pulses,42,41,39,17-17-17
29.4,69.3,33.4,Red,Wheat,28,20,20,20-20
36.5,56.5,37.7,Loamy,Barley,44,40,7,14-35-14
26.4,53.2,38.3,Red,Rice,1,18,39,20-20
29.9,69.4,32.7,Laterite,Millets,27,37,1,14-35-14
35.7,73.3,36.1,Sandy,Millets,42,12,35,28-28
32.3,71.8,49.9,Black,Cotton,45,34,18,20-20
35.0,44.0,64.7,Red,Barley,32,7,11,Urea
36.6,42.8,28.7,Black,Barley,15,30,11,20-20
37.4,60.1,45.1,Loamy,Barley,23,8,41,20-20
33.1,66.0,61.2,Laterite,Tobacco,4,26,2,20-20
27.2,78.9,35.0,Loamy,Rice,46,22,33,17-17-17
33.1,53.3,37.0,Laterite,Maize,47,24,0,14-35-14
36.8,67.2,59.5,Clayey,Maize,21,32,20,20-20
31.6,82.7,30.5,Clayey,Cotton,14,24,45,20-20
25.8,56.0,26.8,Alluvial,Sugarcane,43,22,46,17-17-17
36.6,76.9,47.7,Red,Cotton,22,39,2,14-35-14
24.5,40.5,58.1,Black,Maize,4,36,44,10-26-26
37.6,49.7,27.7,Red,Barley,47,0,1,Urea
30.3,78.9,33.9,Laterite,Barley,38,12,25,20-20
29.2,51.1,41.9,Loamy,Barley,29,38,8,14-35-14
22.8,46.5,29.6,Sandy,Tobacco,24,0,11,20-20
22.5,67.6,35.1,Clayey,Millets,41,20,41,20-20
27.5,55.8,39.5,Clayey,Rice,46,16,16,20-20
21.1,77.6,39.3,Black,Groundnuts,44,34,5,14-35-14
29.5,74.3,56.3,Sandy,Barley,30,5,34,28-28
19.5,58.9,49.1,Clayey,Sugarcane,46,25,4,14-35-14
21.2,69.5,63.8,Clayey,Cotton,16,13,13,20-20
20.3,67.6,62.5,Laterite,Millets,43,16,34,20-20
22.6,70.7,62.6,Red,Wheat,43,23,39,17-17-17
23.1,44.8,39.2,Loamy,Rice,12,13,5,20-20
25.9,48.2,31.3,Loamy,Sugarcane,27,3,15,20-20
28.4,72.0,28.8,Laterite,Tobacco,7,14,23,20-20
22.4,79.9,62.4,Loamy,Pulses,38,15,41,20-20
33.0,63.9,52.1,Clayey,Wheat,28,33,38,17-17-17
18.2,82.4,34.5,Sandy,Millets,43,28,3,14-35-14
23.0,78.0,44.4,Clayey,Millets,31,36,8,14-35-14
22.3,79.8,47.4,Laterite,Tobacco,41,42,10,14-35-14
24.5,50.5,33.4,Laterite,Rice,31,5,21,20-20
20.6,57.2,49.8,Clayey,Wheat,12,2,41,DAP
21.8,60.7,42.2,Laterite,Pulses,40,22,8,14-35-14
35.7,58.9,44.9,Red,Tobacco,22,24,29,17-17-17
29.3,59.9,56.9,Sandy,Maize,41,29,45,17-17-17
18.3,69.8,49.1,Loamy,Millets,33,34,9,14-35-14
37.0,53.7,35.6,Sandy,Sugarcane,1,41,11,10-26-26
22.3,58.9,25.4,Clayey,Maize,34,15,25,20-20
33.7,53.8,26.6,Alluvial,Groundnuts,11,3,12,20-20
28.9,52.4,53.4,Clayey,Millets,7,46,6,10-26-26
21.9,44.2,41.4,Clayey,Millets,42,16,16,20-20
34.3,81.9,28.8,Laterite,Barley,27,46,28,17-17-17
23.6,54.9,51.5,Clayey,Sugarcane,36,2,28,28-28
28.6,47.3,47.9,Loamy,Cotton,36,28,26,17-17-17
23.4,56.2,41.3,Alluvial,Cotton,15,4,17,20-20
29.7,55.2,57.1,Laterite,Groundnuts,42,35,28,17-17-17
35.9,53.4,34.2,Laterite,Groundnuts,18,5,37,20-20
33.8,46.3,46.8,Loamy,Cotton,49,4,17,20-20
32.8,56.2,51.9,Loamy,Cotton,28,33,43,17-17-17
21.1,84.5,64.1,Alluvial,Tobacco,29,34,30,17-17-17
35.3,53.0,43.7,Sandy,Pulses,1,1,9,20-20
31.3,62.5,50.8,Laterite,Maize,38,42,30,17-17-17
20.6,44.5,49.1,Alluvial,Barley,46,11,49,28-28
27.8,48.8,51.1,Alluvial,Rice,41,1,6,Urea
20.1,45.7,64.2,Laterite,Tobacco,42,44,10,14-35-14
21.0,80.0,62.8,Laterite,Wheat,48,1,15,20-20
25.6,46.5,25.7,Clayey,Groundnuts,9,39,41,10-26-26
31.2,69.4,35.0,Sandy,Rice,15,21,44,20-20
32.0,45.1,64.9,Laterite,Pulses,31,24,25,17-17-17
24.6,60.9,25.5,Laterite,Maize,31,47,33,17-17-17
30.6,59.2,46.9,Loamy,Cotton,23,1,26,20-20
26.0,76.3,48.7,Clayey,Pulses,19,23,38,20-20
28.9,77.8,30.1,Black,Sugarcane,33,21,11,14-35-14
32.3,53.2,46.0,Clayey,Barley,15,24,35,20-20
31.6,82.6,36.8,Sandy,Rice,31,15,44,20-20
24.5,45.7,42.7,Laterite,Sugarcane,13,11,5,20-20
34.7,45.7,30.1,Sandy,Rice,14,16,43,20-20
36.4,69.2,29.1,Clayey,Pulses,22,13,39,20-20
32.2,56.0,35.2,Sandy,Rice,22,39,31,17-17-17
36.0,64.9,57.5,Red,Cotton,30,1,21,20-20
22.5,57.5,44.2,Laterite,Sugarcane,43,31,22,17-17-17
37.5,58.2,28.5,Loamy,Millets,15,19,34,20-20
24.4,61.4,37.7,Alluvial,Wheat,1,19,28,20-20
31.9,56.4,54.5,Sandy,Groundnuts,4,43,26,10-26-26
23.1,76.2,42.0,Sandy,Cotton,18,26,37,20-20
24.2,62.1,56.9,Clayey,Pulses,42,7,18,20-20
28.5,52.7,36.9,Black,Cotton,12,8,27,20-20
34.6,83.9,44.0,Red,Cotton,13,25,10,20-20
36.7,63.5,35.9,Red,Tobacco,5,37,45,10-26-26
21.1,84.0,46.8,Black,Rice,46,10,6,Urea
37.9,71.5,55.8,Sandy,Millets,11,36,42,10-26-26
37.5,77.5,37.1,Alluvial,Sugarcane,3,31,10,10-26-26
27.1,58.6,62.4,Loamy,Rice,22,22,44,17-17-17
29.6,55.6,57.6,Laterite,Maize,28,32,18,20-20
21.2,69.6,64.9,Clayey,Cotton,15,29,45,20-20
35.5,60.3,64.4,Sandy,Cotton,37,46,41,17-17-17
31.0,42.8,57.5,Clayey,Sugarcane,41,21,6,14-35-14
22.0,48.1,35.5,Black,Rice,47,37,49,17-17-17
20.5,57.6,31.5,Alluvial,Cotton,16,42,3,10-26-26
22.3,41.9,39.5,Black,Groundnuts,34,23,7,14-35-14
28.8,43.6,47.6,Laterite,Wheat,13,27,17,20-20
35.4,56.7,49.6,Loamy,Wheat,38,45,47,17-17-17
28.0,49.0,37.6,Loamy,Tobacco,1,11,43,DAP
24.1,48.8,52.1,Black,Cotton,25,25,22,17-17-17
30.1,76.1,43.8,Clayey,Groundnuts,17,36,30,10-26-26
27.6,76.4,63.0,Black,Pulses,26,8,38,28-28
18.3,50.2,47.7,Sandy,Groundnuts,14,38,1,10-26-26
19.1,67.0,61.1,Laterite,Sugarcane,43,36,37,17-17-17
34.7,48.9,42.6,Alluvial,Tobacco,17,48,3,10-26-26
19.4,49.8,62.4,Sandy,Maize,41,20,24,20-20
37.2,64.4,49.2,Red,Millets,27,8,48,28-28
34.4,77.1,56.5,Sandy,Tobacco,31,38,9,14-35-14
30.5,40.6,30.7,Loamy,Tobacco,9,28,27,20-20
25.7,78.5,63.1,Clayey,Wheat,2,7,7,20-20
20.9,62.8,27.5,Black,Millets,44,22,7,14-35-14
29.2,83.2,26.9,Alluvial,Wheat,14,37,6,10-26-26
36.1,63.6,43.0,Alluvial,Maize,9,15,42,20-20
19.5,47.6,30.1,Alluvial,Barley,25,47,45,17-17-17
25.2,84.5,52.4,Laterite,Pulses,42,17,24,20-20
18.1,70.2,50.7,Red,Maize,26,46,31,17-17-17
29.6,41.0,64.5,Laterite,Pulses,47,25,2,14-35-14
32.6,54.2,40.7,Clayey,Barley,12,24,4,20-20
30.4,49.4,48.5,Clayey,Cotton,44,46,49,17-17-17
25.0,75.2,64.7,Loamy,Maize,25,13,45,20-20
22.5,58.0,41.4,Sandy,Groundnuts,21,18,22,20-20
32.6,58.9,48.1,Laterite,Maize,18,48,27,10-26-26
35.8,69.4,43.4,Black,Sugarcane,37,22,12,14-35-14
20.7,70.4,40.8,Clayey,Groundnuts,45,43,7,14-35-14
29.4,59.5,30.1,Loamy,Millets,40,5,0,Urea
31.4,61.8,41.7,Red,Millets,29,42,12,14-35-14
22.9,69.5,33.0,Loamy,Maize,26,43,44,17-17-17
34.5,51.5,43.9,Red,Maize,47,26,19,20-20
31.9,65.5,56.8,Red,Groundnuts,25,47,39,17-17-17
24.3,81.0,27.4,Loamy,Rice,27,1,40,28-28
18.1,62.3,36.4,Black,Pulses,37,44,5,14-35-14
21.5,61.2,28.7,Red,Maize,17,23,48,20-20
30.8,52.4,44.8,Clayey,Wheat,42,24,33,17-17-17
34.2,59.3,55.0,Sandy,Maize,8,41,0,10-26-26
23.4,48.9,34.9,Alluvial,Wheat,33,44,24,17-17-17
26.5,67.7,28.3,Sandy,Groundnuts,38,41,30,17-17-17
32.3,66.1,25.6,Clayey,Tobacco,8,14,30,20-20
35.3,53.9,36.7,Loamy,Cotton,16,14,15,20-20
35.7,60.6,47.6,Alluvial,Wheat,17,1,46,20-20
32.7,49.4,30.3,Black,Cotton,2,45,47,10-26-26
23.1,49.9,30.5,Clayey,Pulses,12,12,35,DAP
36.2,41.8,45.5,Black,Sugarcane,22,39,38,17-17-17
36.7,53.7,56.3,Sandy,Millets,30,30,24,17-17-17
25.9,45.9,51.9,Laterite,Maize,12,27,38,20-20
28.1,54.0,42.1,Loamy,Tobacco,19,18,4,20-20
18.1,63.6,61.9,Red,Groundnuts,23,3,40,20-20
35.9,78.1,32.3,Laterite,Pulses,37,6,35,28-28
19.2,61.9,29.4,Alluvial,Wheat,7,27,17,20-20
35.5,53.6,59.3,Red,Cotton,26,33,9,14-35-14
36.2,44.4,59.1,Alluvial,Cotton,24,45,16,20-20
28.2,45.4,37.5,Red,Barley,2,37,10,10-26-26
19.7,70.7,34.4,Black,Wheat,7,47,19,10-26-26
34.1,84.4,48.9,Red,Groundnuts,7,34,3,10-26-26
24.1,78.7,63.4,Clayey,Wheat,15,6,37,20-20
34.4,70.4,50.4,Alluvial,Millets,35,40,36,17-17-17
33.9,84.2,62.3,Red,Rice,46,13,34,28-28
32.5,45.1,41.3,Laterite,Rice,13,14,49,DAP
31.6,68.4,35.8,Red,Groundnuts,2,12,46,DAP
33.5,57.7,30.6,Black,Pulses,29,12,48,28-28
25.4,56.1,38.8,Black,Rice,33,6,17,20-20
20.4,58.7,27.5,Loamy,Millets,26,16,1,20-20
35.4,63.9,43.7,Clayey,Sugarcane,21,36,34,17-17-17
31.5,46.2,36.1,Black,Maize,1,20,3,20-20
32.9,54.0,58.8,Black,Millets,4,15,19,20-20
29.4,61.5,59.5,Alluvial,Wheat,1,42,8,10-26-26
34.9,73.4,31.7,Clayey,Cotton,37,32,45,17-17-17
36.6,59.4,29.8,Loamy,Maize,3,26,17,20-20
22.7,73.7,61.7,Laterite,Rice,15,22,33,20-20
23.5,68.1,28.2,Black,Maize,12,36,48,10-26-26
28.2,78.8,59.6,Sandy,Millets,29,3,33,28-28
27.7,84.4,55.2,Loamy,Wheat,21,3,0,20-20
35.3,52.0,46.4,Laterite,Rice,8,11,46,DAP
20.4,40.8,61.2,Red,Tobacco,26,7,37,28-28
22.8,50.5,27.7,Clayey,Rice,18,34,21,10-26-26
36.1,62.2,38.2,Red,Groundnuts,33,30,0,14-35-14
37.9,54.2,52.0,Loamy,Maize,14,21,45,20-20
20.5,43.2,61.4,Loamy,Wheat,0,28,20,20-20
21.4,61.4,54.5,Sandy,Groundnuts,15,39,43,10-26-26
33.4,82.1,61.4,Laterite,Tobacco,22,43,6,14-35-14
28.1,79.5,63.1,Loamy,Sugarcane,13,15,13,20-20
32.0,48.7,42.9,Red,Millets,11,21,5,20-20
31.3,45.3,41.1,Laterite,Pulses,18,5,17,20-20
37.0,49.4,35.4,Loamy,Rice,26,32,25,17-17-17
35.1,45.2,53.2,Sandy,Cotton,1,15,32,20-20
25.6,74.9,38.7,Clayey,Millets,14,22,2,20-20
36.8,81.3,60.5,Alluvial,Maize,31,17,30,20-20
24.7,54.1,50.4,Alluvial,Millets,38,6,9,Urea
31.8,64.8,34.7,Black,Tobacco,32,46,9,14-35-14
30.9,67.0,52.8,Red,Tobacco,14,27,26,20-20
27.4,61.3,40.1,Clayey,Rice,49,12,6,Urea
26.2,43.3,48.0,Loamy,Pulses,10,24,9,20-20
19.7,49.1,46.8,Red,Sugarcane,45,16,32,20-20
35.0,57.9,34.8,Sandy,Barley,23,3,8,20-20
21.2,83.5,33.2,Alluvial,Rice,10,20,20,20-20
23.6,43.6,60.1,Loamy,Maize,41,19,47,20-20
24.6,56.7,55.4,Sandy,Sugarcane,30,17,3,20-20
35.6,42.2,35.3,Loamy,Cotton,14,36,27,10-26-26
19.7,61.9,52.7,Red,Millets,45,48,27,17-17-17
21.8,81.3,47.1,Sandy,Maize,43,11,32,28-28
32.5,75.8,58.3,Loamy,Rice,7,6,35,DAP
32.9,60.1,25.8,Sandy,Cotton,15,7,15,20-20
30.4,61.6,51.5,Laterite,Millets,13,25,42,20-20
23.8,73.7,44.3,Clayey,Tobacco,2,25,3,20-20
34.1,53.5,63.5,Clayey,Maize,32,13,12,Urea
26.9,45.6,33.2,Clayey,Barley,35,1,39,28-28
25.2,55.0,40.5,Alluvial,Tobacco,47,19,1,20-20
36.8,62.2,53.0,Red,Cotton,35,15,13,20-20
36.7,63.2,44.9,Black,Wheat,35,17,21,20-20
30.3,54.7,32.7,Red,Cotton,31,18,47,20-20
35.4,44.0,56.1,Laterite,Groundnuts,4,14,10,20-20
32.8,75.5,29.8,Black,Wheat,2,5,28,20-20
18.8,54.5,47.4,Black,Rice,7,23,41,20-20
37.1,72.4,62.2,Loamy,Wheat,43,33,45,17-17-17
32.5,45.5,37.1,Black,Pulses,0,38,11,10-26-26
21.3,57.1,49.7,Black,Cotton,3,4,17,20-20
20.4,72.5,32.4,Black,Wheat,10,8,11,20-20
24.7,63.4,32.9,Black,Maize,19,7,47,20-20
25.7,62.8,59.2,Sandy,Cotton,49,21,20,20-20
24.9,82.0,61.9,Laterite,Sugarcane,6,0,8,20-20
34.7,78.8,37.6,Clayey,Tobacco,9,16,5,20-20
19.3,54.6,51.9,Black,Wheat,20,20,5,20-20
27.2,61.4,56.3,Clayey,Pulses,27,11,31,28-28
23.1,77.3,40.1,Red,Tobacco,41,24,25,17-17-17
26.0,59.1,40.3,Black,Millets,30,39,6,14-35-14
23.0,44.5,40.7,Sandy,Rice,19,49,34,10-26-26
24.6,54.2,29.3,Black,Groundnuts,43,22,9,14-35-14
37.3,83.7,59.6,Alluvial,Cotton,46,39,12,14-35-14
35.0,70.8,36.6,Laterite,Pulses,22,0,15,20-20
19.1,61.9,61.5,Black,Barley,4,29,25,20-20
24.3,49.9,45.6,Sandy,Groundnuts,11,10,1,20-20
35.2,71.3,25.4,Sandy,Maize,6,25,25,20-20
20.5,66.2,55.7,Laterite,Barley,31,36,14,14-35-14
36.0,68.1,30.3,Red,Sugarcane,49,41,14,14-35-14
31.4,58.1,36.9,Loamy,Barley,14,35,47,10-26-26
27.5,50.2,49.7,Clayey,Sugarcane,36,28,22,17-17-17
21.0,84.3,33.4,Sandy,Sugarcane,22,29,15,20-20
18.4,41.5,42.8,Loamy,Cotton,36,32,47,17-17-17
26.1,68.6,49.8,Laterite,Pulses,34,33,4,14-35-14
26.9,62.0,57.5,Sandy,Maize,10,37,41,10-26-26
24.6,71.5,55.6,Sandy,Cotton,9,14,42,DAP
19.3,57.4,36.3,Loamy,Groundnuts,11,30,3,20-20
37.5,57.0,57.1,Laterite,Maize,2,17,8,20-20
22.4,54.7,55.2,Clayey,Wheat,3,40,28,10-26-26
23.8,81.6,34.2,Loamy,Maize,33,0,41,28-28
20.4,82.9,59.6,Black,Millets,45,38,41,17-17-17
24.8,75.8,28.1,Alluvial,Tobacco,8,6,3,20-20
36.7,45.9,56.9,Black,Millets,46,46,30,17-17-17
28.3,78.6,43.7,Red,Barley,25,46,15,20-20
25.7,83.5,52.9,Clayey,Cotton,21,49,49,17-17-17
19.4,64.7,41.7,Laterite,Millets,30,30,43,17-17-17
21.2,42.8,57.9,Loamy,Tobacco,15,20,36,20-20
34.8,69.3,49.6,Black,Rice,13,35,35,10-26-26
37.5,49.1,25.4,Laterite,Cotton,3,1,33,DAP
37.8,61.8,32.2,Loamy,Sugarcane,4,9,9,20-20
37.7,42.3,28.9,Red,Groundnuts,27,38,48,17-17-17
18.8,41.0,56.0,Clayey,Sugarcane,30,37,39,17-17-17
29.2,45.0,49.4,Laterite,Wheat,28,48,42,17-17-17
23.0,62.9,61.4,Black,Cotton,6,20,26,20-20
28.2,60.4,36.1,Clayey,Barley,27,20,4,20-20
23.7,52.6,41.2,Loamy,Maize,0,2,44,DAP
25.8,60.1,54.2,Sandy,Tobacco,44,44,37,17-17-17
24.3,43.9,37.1,Laterite,Millets,47,5,22,20-20
29.4,80.9,25.2,Sandy,Wheat,1,18,18,20-20
29.4,67.5,62.7,Loamy,Barley,8,26,16,20-20
31.8,73.7,33.5,Loamy,Maize,17,16,6,20-20
19.9,42.5,30.2,Laterite,Millets,29,3,11,20-20
22.5,64.5,52.8,Sandy,Barley,17,18,41,20-20
35.0,76.8,25.5,Alluvial,Maize,0,31,14,10-26-26
18.6,55.1,45.6,Loamy,Pulses,26,44,18,20-20
21.8,73.8,34.4,Alluvial,Cotton,31,21,38,17-17-17
19.6,71.8,51.2,Clayey,Maize,48,17,28,20-20
36.5,69.7,40.6,Clayey,Barley,37,8,8,Urea
30.0,64.8,45.6,Loamy,Barley,29,38,3,14-35-14
35.8,47.2,31.9,Alluvial,Cotton,30,47,22,17-17-17
19.0,42.2,40.5,Sandy,Cotton,0,30,6,20-20
32.2,40.3,55.6,Sandy,Tobacco,38,1,17,20-20
29.5,84.3,34.7,Loamy,Tobacco,40,38,30,17-17-17
19.3,66.8,54.6,Black,Millets,33,14,43,28-28
26.3,53.9,62.5,Black,Groundnuts,21,2,9,20-20
23.1,79.5,28.6,Loamy,Rice,23,5,16,20-20
32.4,40.3,45.4,Sandy,Wheat,20,37,23,20-20
26.4,60.0,37.1,Red,Cotton,47,30,34,17-17-17
26.6,44.1,54.9,Laterite,Barley,12,5,26,20-20
24.3,42.7,53.1,Laterite,Rice,12,27,1,20-20
24.1,76.5,36.8,Clayey,Tobacco,11,4,23,20-20
37.7,50.1,51.5,Loamy,Cotton,11,9,12,20-20
33.0,65.6,36.0,Alluvial,Rice,2,25,4,20-20
29.4,68.4,45.7,Sandy,Millets,7,10,30,20-20
24.2,48.2,45.2,Sandy,Millets,33,15,49,20-20
20.7,81.7,59.7,Laterite,Pulses,22,45,26,17-17-17
34.2,74.5,29.6,Clayey,Groundnuts,48,7,28,28-28
30.9,60.6,46.1,Alluvial,Sugarcane,38,37,17,20-20
35.3,62.5,36.9,Sandy,Groundnuts,14,47,41,10-26-26
21.3,44.7,30.8,Loamy,Maize,27,29,1,14-35-14
36.2,59.6,30.2,Red,Pulses,19,26,23,20-20
19.0,51.6,30.4,Sandy,Tobacco,37,22,4,14-35-14
34.7,72.0,29.5,Sandy,Maize,8,38,28,10-26-26
23.3,52.6,62.2,Clayey,Cotton,32,10,37,28-28
26.2,55.7,25.9,Sandy,Rice,35,46,10,14-35-14
30.9,45.8,51.0,Red,Maize,38,24,0,14-35-14
18.8,56.3,58.1,Laterite,Groundnuts,43,4,9,Urea
27.3,75.3,62.9,Black,Pulses,49,35,11,14-35-14
19.3,83.8,39.4,Sandy,Groundnuts,9,45,4,10-26-26
33.0,71.5,37.3,Sandy,Tobacco,25,4,7,20-20
20.8,72.2,63.9,Sandy,Rice,15,20,42,20-20
32.7,62.5,47.9,Clayey,Maize,37,24,45,17-17-17
29.0,48.7,29.1,Alluvial,Barley,20,7,19,20-20
26.8,55.4,46.9,Clayey,Tobacco,14,25,29,20-20
32.5,79.1,32.6,Sandy,Tobacco,36,6,21,20-20
34.8,40.8,27.0,Alluvial,Millets,37,13,30,28-28
28.8,52.8,64.8,Alluvial,Sugarcane,12,28,25,20-20
30.5,66.1,54.7,Alluvial,Wheat,4,6,41,DAP
23.7,71.2,37.2,Laterite,Tobacco,8,0,26,20-20
28.3,55.4,38.1,Black,Millets,5,1,5,20-20
31.2,76.4,51.9,Black,Tobacco,19,23,38,20-20
18.4,59.4,26.3,Alluvial,Cotton,44,40,29,17-17-17
33.5,49.8,49.8,Clayey,Wheat,44,12,25,20-20
36.4,83.9,33.9,Loamy,Rice,39,16,15,20-20
35.9,65.8,39.0,Clayey,Wheat,0,25,14,20-20
27.0,58.2,64.4,Laterite,Wheat,17,38,33,10-26-26
19.1,77.5,43.3,Black,Pulses,11,48,6,10-26-26
20.1,69.5,61.3,Alluvial,Tobacco,6,3,31,DAP
31.7,48.6,45.8,Black,Cotton,34,29,47,17-17-17
20.9,44.7,41.9,Laterite,Groundnuts,0,21,4,20-20
32.7,77.8,46.8,Red,Barley,3,17,35,20-20
25.3,50.3,33.7,Alluvial,Maize,43,46,38,17-17-17
18.8,60.5,60.6,Sandy,Millets,30,30,8,14-35-14
21.7,40.3,43.7,Sandy,Rice,32,38,34,17-17-17
35.7,52.4,33.9,Loamy,Tobacco,36,15,17,20-20
27.8,49.8,28.1,Laterite,Cotton,4,41,16,10-26-26
21.5,79.4,54.5,Red,Tobacco,32,35,35,17-17-17
23.4,40.2,31.5,Alluvial,Maize,24,5,14,20-20
18.6,56.9,50.1,Black,Barley,48,38,43,17-17-17
35.4,47.8,26.8,Red,Wheat,41,19,17,20-20
34.1,43.5,41.5,Alluvial,Tobacco,32,36,27,17-17-17
33.4,68.4,64.5,Laterite,Barley,44,41,8,14-35-14
28.4,49.6,56.3,Clayey,Rice,25,8,29,20-20
37.6,68.3,41.6,Black,Tobacco,12,43,38,10-26-26
19.1,40.8,30.7,Loamy,Wheat,43,43,30,17-17-17
24.1,61.7,27.5,Black,Maize,9,24,42,20-20
28.0,45.8,48.3,Sandy,Maize,2,2,12,20-20
34.3,59.4,56.9,Alluvial,Tobacco,48,11,41,28-28
30.1,68.4,41.7,Laterite,Rice,20,39,35,20-20
30.9,52.5,43.0,Clayey,Cotton,42,7,29,28-28
37.2,48.7,53.7,Alluvial,Maize,18,10,4,20-20
18.2,40.9,48.5,Red,Barley,18,41,49,10-26-26
32.4,59.9,54.3,Laterite,Millets,46,22,15,20-20
21.6,55.8,42.6,Black,Millets,4,25,48,20-20
32.8,41.3,46.6,Clayey,Sugarcane,32,17,42,20-20
30.5,56.1,64.8,Sandy,Maize,25,0,47,20-20
23.8,79.1,61.2,Clayey,Rice,41,17,23,20-20
21.8,60.9,34.8,Laterite,Pulses,5,21,13,20-20
27.7,82.1,50.5,Clayey,Groundnuts,22,6,47,20-20
36.6,60.6,32.3,Black,Barley,8,1,14,20-20
36.7,82.0,30.0,Sandy,Pulses,2,5,41,DAP
32.3,59.3,37.3,Alluvial,Millets,11,2,4,20-20
27.6,83.8,25.2,Clayey,Pulses,28,11,17,20-20
18.5,58.3,33.8,Black,Pulses,21,10,35,20-20
22.2,50.8,36.3,Black,Millets,30,40,41,17-17-17
37.3,55.4,38.5,Alluvial,Tobacco,22,37,1,14-35-14
37.6,69.3,54.7,Black,Wheat,47,2,0,Urea
36.0,68.1,30.4,Black,Groundnuts,0,26,20,20-20
26.1,74.7,44.4,Red,Tobacco,44,39,16,20-20
22.3,76.6,33.7,Laterite,Tobacco,45,22,21,17-17-17
36.8,48.2,47.7,Alluvial,Sugarcane,1,30,23,20-20
30.9,40.8,63.4,Loamy,Rice,30,22,10,14-35-14
32.0,40.6,27.0,Black,Pulses,36,4,20,20-20
36.1,72.1,57.7,Sandy,Cotton,19,24,49,20-20
33.3,61.8,31.0,Alluvial,Maize,32,4,0,Urea
30.2,43.8,50.7,Laterite,Wheat,29,33,4,14-35-14
23.1,76.2,57.7,Loamy,Groundnuts,19,4,30,20-20
35.3,63.4,51.8,Clayey,Barley,15,11,49,20-20
37.3,81.3,55.6,Loamy,Tobacco,47,43,46,17-17-17
18.3,67.7,63.4,Black,Pulses,31,14,49,28-28
30.8,50.6,53.5,Alluvial,Cotton,23,48,17,20-20
26.4,42.0,36.6,Loamy,Maize,34,17,25,20-20
20.1,62.8,57.6,Sandy,Millets,16,42,22,10-26-26
28.7,57.7,58.9,Black,Rice,38,17,12,20-20
34.9,77.4,41.1,Clayey,Millets,32,16,31,20-20
36.2,67.2,46.1,Red,Wheat,24,9,3,20-20
20.1,75.0,31.8,Sandy,Tobacco,29,15,48,20-20
28.9,64.8,39.3,Red,Millets,48,49,20,20-20
21.7,62.4,36.0,Alluvial,Cotton,24,8,1,20-20
22.8,62.0,36.4,Sandy,Sugarcane,0,5,36,DAP
19.0,78.4,32.9,Loamy,Maize,6,30,45,20-20
36.1,45.7,32.1,Red,Barley,39,47,35,17-17-17
29.7,73.1,37.9,Sandy,Barley,17,17,45,20-20
27.9,60.4,26.5,Black,Sugarcane,41,18,21,20-20
18.1,85.0,57.1,Laterite,Sugarcane,47,35,38,17-17-17
21.0,52.8,40.0,Red,Millets,14,49,28,10-26-26
18.4,44.6,41.4,Laterite,Tobacco,49,22,37,17-17-17
27.3,56.3,29.3,Red,Tobacco,28,36,10,14-35-14
19.9,41.2,41.1,Loamy,Maize,8,10,34,DAP
32.5,62.7,52.2,Sandy,Wheat,24,9,20,20-20
27.9,81.5,25.6,Clayey,Wheat,22,4,12,20-20
27.8,58.3,64.5,Laterite,Cotton,36,17,20,20-20
23.6,56.6,31.4,Red,Rice,5,13,21,20-20
21.4,48.9,37.8,Laterite,Wheat,22,16,28,20-20
37.4,41.0,57.1,Clayey,Millets,45,23,5,14-35-14
20.9,71.4,50.7,Red,Groundnuts,33,46,39,17-17-17
20.8,81.4,28.7,Clayey,Groundnuts,42,39,27,17-17-17
35.9,63.5,35.5,Loamy,Millets,28,27,41,17-17-17
26.0,42.3,44.9,Clayey,Maize,44,3,7,Urea
20.1,52.1,45.8,Sandy,Cotton,46,36,25,17-17-17
32.1,48.6,39.7,Loamy,Maize,27,49,13,14-35-14
19.4,56.0,45.1,Laterite,Groundnuts,37,4,27,28-28
21.5,57.0,58.7,Laterite,Wheat,47,39,10,14-35-14
35.9,81.4,28.8,Loamy,Wheat,41,8,18,20-20
21.4,48.4,25.4,Black,Wheat,13,24,43,20-20
21.5,55.2,25.7,Loamy,Wheat,3,27,18,20-20
34.7,49.7,29.8,Red,Sugarcane,29,2,21,20-20
27.2,80.6,27.0,Alluvial,Sugarcane,5,39,42,10-26-26
31.3,60.4,58.4,Alluvial,Maize,43,36,7,14-35-14
30.1,78.2,46.6,Laterite,Groundnuts,44,31,18,20-20
25.7,60.0,30.7,Red,Rice,16,41,7,10-26-26
20.9,57.5,63.1,Alluvial,Maize,19,24,49,20-20
31.4,71.6,39.9,Laterite,Wheat,21,47,10,14-35-14
27.7,75.0,40.3,Loamy,Barley,36,27,26,17-17-17
28.5,76.4,39.5,Black,Barley,46,15,45,20-20
36.7,72.6,48.1,Alluvial,Pulses,20,9,4,20-20
28.2,64.6,39.4,Red,Groundnuts,45,9,7,Urea
24.3,70.7,59.9,Alluvial,Pulses,48,24,48,17-17-17
28.2,50.9,54.8,Laterite,Groundnuts,39,3,0,Urea
30.9,69.3,58.0,Red,Barley,3,6,15,20-20
37.6,66.8,53.4,Sandy,Groundnuts,38,6,11,Urea
36.4,83.6,46.6,Loamy,Millets,40,44,33,17-17-17
19.3,61.0,34.6,Loamy,Millets,12,28,30,20-20
34.0,68.4,45.1,Laterite,Maize,32,41,19,20-20
21.9,67.3,52.1,Alluvial,Sugarcane,24,20,12,20-20
35.8,67.0,46.2,Black,Sugarcane,24,46,34,17-17-17
30.6,65.1,54.7,Loamy,Millets,36,21,49,17-17-17
32.5,68.5,30.6,Alluvial,Barley,11,45,47,10-26-26
36.4,59.8,47.0,Loamy,Barley,28,19,49,20-20
28.5,41.1,41.5,Red,Rice,28,35,40,17-17-17
25.0,78.5,40.8,Loamy,Tobacco,8,41,38,10-26-26
33.2,62.7,64.5,Loamy,Pulses,42,33,34,17-17-17
20.1,72.9,40.5,Clayey,Groundnuts,24,25,31,17-17-17
32.7,51.3,44.6,Clayey,Cotton,27,19,5,20-20
20.3,45.7,46.2,Loamy,Sugarcane,45,7,21,20-20
22.0,46.5,65.0,Red,Cotton,39,30,32,17-17-17
34.8,84.9,42.2,Laterite,Groundnuts,22,6,45,20-20
32.4,50.4,52.4,Alluvial,Groundnuts,48,43,43,17-17-17
23.4,76.5,27.2,Red,Rice,43,48,26,17-17-17
31.2,77.1,50.9,Loamy,Cotton,40,33,46,17-17-17
30.4,64.3,55.0,Sandy,Cotton,39,2,18,20-20
30.5,40.5,32.8,Sandy,Maize,7,17,47,20-20
26.5,72.2,49.2,Red,Cotton,9,45,6,10-26-26
25.8,60.0,60.7,Alluvial,Millets,24,41,6,14-35-14
22.0,43.6,44.0,Sandy,Rice,10,11,8,20-20
23.7,65.2,36.2,Loamy,Wheat,18,36,41,10-26-26
34.9,76.0,45.3,Alluvial,Millets,12,1,30,20-20
28.7,73.2,50.1,Loamy,Millets,28,15,1,20-20
36.2,72.8,54.4,Sandy,Millets,6,7,37,DAP
22.7,45.2,38.0,Black,Sugarcane,25,38,6,14-35-14
28.0,42.8,53.6,Clayey,Wheat,3,48,5,10-26-26
24.7,63.4,64.2,Sandy,Pulses,32,5,0,Urea
26.8,55.0,45.9,Black,Maize,19,2,0,20-20
32.3,56.5,27.1,Alluvial,Maize,28,36,35,17-17-17
29.9,67.4,41.1,Sandy,Tobacco,21,3,4,20-20
31.9,65.2,40.5,Clayey,Cotton,24,38,25,17-17-17
19.6,79.7,28.1,Alluvial,Cotton,15,15,45,20-20
25.5,81.7,45.1,Laterite,Barley,18,1,32,20-20
28.0,59.7,38.6,Laterite,Groundnuts,12,4,32,DAP
33.8,60.4,37.1,Sandy,Tobacco,46,29,48,17-17-17
20.4,51.3,61.8,Loamy,Wheat,16,48,39,10-26-26
36.9,49.6,45.8,Alluvial,Sugarcane,33,9,9,Urea
36.7,53.9,59.8,Laterite,Groundnuts,44,5,36,28-28
28.6,69.8,48.6,Clayey,Rice,14,7,25,20-20
26.1,61.8,46.6,Clayey,Wheat,45,11,35,28-28
24.9,73.4,42.5,Red,Groundnuts,35,32,30,17-17-17
30.8,55.2,61.3,Alluvial,Maize,40,1,9,Urea
33.9,62.3,60.8,Loamy,Groundnuts,10,44,14,10-26-26
35.9,70.9,59.4,Laterite,Cotton,6,17,14,20-20
26.2,59.3,48.4,Laterite,Maize,42,6,25,20-20
20.7,53.3,47.9,Clayey,Groundnuts,0,1,18,20-20
33.9,53.8,27.9,Laterite,Sugarcane,11,19,21,20-20
20.6,55.6,57.3,Alluvial,Maize,4,23,10,20-20
30.1,63.5,60.0,Sandy,Millets,1,37,15,10-26-26
33.0,40.8,45.7,Alluvial,Rice,16,41,38,10-26-26
34.0,76.1,41.6,Laterite,Wheat,41,31,29,17-17-17
31.2,56.0,57.4,Black,Tobacco,1,29,16,20-20
18.1,50.2,41.3,Loamy,Barley,45,0,48,28-28
28.9,69.8,61.1,Laterite,Pulses,3,40,8,10-26-26
34.5,78.6,41.6,Black,Groundnuts,18,46,47,10-26-26
29.8,79.9,60.6,Sandy,Millets,36,25,16,20-20
18.3,64.7,59.3,Clayey,Groundnuts,46,17,19,20-20
24.9,47.2,47.5,Black,Pulses,24,17,12,20-20
20.9,74.4,56.6,Black,Barley,34,9,38,28-28
31.6,43.3,64.7,Black,Rice,4,21,40,20-20
19.7,40.1,43.0,Loamy,Pulses,40,33,5,14-35-14
19.3,66.9,49.1,Laterite,Pulses,36,33,30,17-17-17
36.1,83.9,34.3,Clayey,Pulses,14,25,7,20-20
35.4,68.6,31.6,Sandy,Cotton,15,37,39,10-26-26
27.1,84.5,27.2,Sandy,Tobacco,17,38,0,10-26-26
30.0,52.3,41.0,Alluvial,Sugarcane,22,33,40,17-17-17
26.2,55.0,30.0,Black,Rice,12,4,0,20-20
37.2,54.1,28.9,Laterite,Rice,48,12,33,28-28
28.7,75.5,57.7,Red,Tobacco,8,7,9,20-20
24.3,74.8,27.1,Sandy,Sugarcane,16,19,10,20-20
20.6,50.6,62.3,Black,Pulses,24,8,2,20-20
34.0,81.9,55.8,Loamy,Groundnuts,21,49,5,14-35-14
21.9,49.6,52.0,Clayey,Maize,7,49,47,10-26-26
36.4,80.7,31.3,Laterite,Sugarcane,46,10,37,28-28
37.4,81.2,31.7,Red,Sugarcane,9,25,33,20-20
21.9,58.7,43.0,Clayey,Pulses,5,3,13,20-20
36.6,80.9,56.3,Loamy,Tobacco,48,28,5,14-35-14
30.7,43.2,61.4,Red,Pulses,18,25,30,20-20
22.0,72.2,37.6,Alluvial,Tobacco,1,8,15,20-20
19.7,67.9,38.6,Alluvial,Wheat,7,47,40,10-26-26
21.8,74.6,35.6,Clayey,Maize,40,40,0,14-35-14
28.7,78.5,25.2,Loamy,Tobacco,13,11,37,DAP
28.2,60.7,61.0,Red,Rice,17,46,19,10-26-26
35.9,76.3,25.1,Alluvial,Maize,17,24,29,20-20
30.6,74.3,55.6,Laterite,Wheat,21,35,16,20-20
35.0,61.7,41.6,Clayey,Rice,36,10,31,28-28
31.0,57.1,55.2,Red,Cotton,3,43,26,10-26-26
26.2,82.0,26.9,Clayey,Barley,20,3,19,20-20
31.0,71.4,50.5,Laterite,Pulses,37,12,41,28-28
21.2,42.4,42.8,Laterite,Millets,12,1,27,20-20
24.2,76.5,59.7,Clayey,Tobacco,47,14,19,20-20
35.6,46.6,53.4,Alluvial,Rice,46,15,47,20-20
27.5,60.1,25.3,Alluvial,Maize,11,15,19,20-20
32.1,83.0,46.3,Alluvial,Sugarcane,32,11,29,28-28
26.4,71.1,61.1,Loamy,Maize,44,6,14,Urea
30.0,42.7,41.5,Black,Cotton,43,28,10,14-35-14
33.4,41.7,32.8,Laterite,Pulses,19,7,32,20-20
24.5,61.3,60.1,Clayey,Pulses,24,15,7,20-20
36.9,50.8,34.6,Sandy,Groundnuts,37,35,13,14-35-14
31.3,81.0,38.8,Loamy,Maize,46,26,0,14-35-14
25.8,56.6,52.6,Red,Pulses,28,34,14,14-35-14
22.8,49.4,35.0,Loamy,Sugarcane,40,25,38,17-17-17
28.1,79.0,34.7,Loamy,Maize,27,16,26,20-20
34.3,83.2,56.7,Laterite,Groundnuts,39,14,44,28-28
18.1,40.4,57.4,Alluvial,Cotton,35,40,19,20-20
27.0,64.2,51.5,Clayey,Maize,11,24,20,20-20
36.7,43.5,52.5,Clayey,Pulses,31,13,48,28-28
27.7,79.5,46.1,Alluvial,Rice,34,22,18,20-20
27.3,80.0,43.2,Clayey,Pulses,45,25,0,14-35-14
36.9,63.4,52.1,Alluvial,Tobacco,13,23,28,20-20
18.7,62.4,31.2,Loamy,Millets,34,48,22,17-17-17
18.4,83.8,33.9,Laterite,Barley,28,3,0,20-20
29.4,40.4,35.3,Alluvial,Rice,14,1,12,20-20
31.1,67.8,37.4,Sandy,Wheat,40,8,26,28-28
27.0,41.9,37.4,Laterite,Cotton,36,17,28,20-20
35.8,40.4,33.1,Loamy,Groundnuts,43,19,9,20-20
31.3,63.8,63.8,Black,Millets,27,36,29,17-17-17
26.2,48.6,45.7,Red,Millets,11,46,3,10-26-26
31.9,65.7,61.3,Loamy,Pulses,39,21,43,17-17-17
26.2,61.7,27.8,Red,Barley,48,42,49,17-17-17
36.2,64.9,46.1,Loamy,Maize,22,21,31,17-17-17
35.3,68.2,51.8,Red,Tobacco,12,34,2,10-26-26
33.5,51.9,62.3,Sandy,Rice,34,31,14,14-35-14
26.9,67.8,55.8,Clayey,Groundnuts,32,30,27,17-17-17
34.4,66.3,45.3,Clayey,Sugarcane,14,8,5,20-20
32.6,58.5,50.2,Laterite,Sugarcane,8,5,31,DAP
27.7,79.9,40.1,Sandy,Tobacco,26,23,18,20-20
37.8,74.7,33.4,Sandy,Tobacco,41,16,28,20-20
20.7,54.2,44.4,Laterite,Cotton,24,2,30,20-20
20.9,51.5,61.6,Alluvial,Maize,26,17,24,20-20
21.5,76.6,46.7,Alluvial,Groundnuts,40,14,36,28-28
36.9,56.6,30.4,Clayey,Barley,9,13,37,DAP
23.9,62.1,42.5,Alluvial,Rice,18,38,30,10-26-26
21.4,52.0,45.4,Black,Barley,37,35,40,17-17-17
20.0,40.5,46.9,Alluvial,Sugarcane,14,12,45,DAP
23.1,78.6,46.9,Clayey,Tobacco,48,17,45,20-20
33.3,52.8,60.5,Sandy,Rice,27,13,2,20-20
26.7,76.9,61.2,Alluvial,Tobacco,6,49,35,10-26-26
34.5,42.5,44.2,Red,Barley,14,0,25,20-20
35.1,81.1,35.6,Laterite,Barley,21,9,10,20-20
37.6,84.2,62.0,Laterite,Rice,8,10,10,20-20
31.4,40.0,57.2,Alluvial,Groundnuts,21,46,36,17-17-17
27.7,56.0,37.8,Laterite,Maize,35,33,31,17-17-17
26.6,79.4,37.1,Black,Millets,12,0,0,20-20
19.0,44.7,60.2,Clayey,Rice,36,29,40,17-17-17
36.6,82.7,47.2,Alluvial,Pulses,11,23,4,20-20
19.3,68.9,48.5,Alluvial,Groundnuts,2,18,48,20-20
34.0,68.4,36.7,Black,Maize,16,11,48,20-20
34.7,53.4,56.6,Black,Cotton,49,45,36,17-17-17
33.4,51.9,25.2,Loamy,Tobacco,23,29,15,20-20
24.4,79.0,34.3,Alluvial,Maize,24,14,27,20-20
32.9,69.8,34.5,Red,Wheat,11,30,45,20-20
36.8,63.3,39.1,Red,Pulses,9,6,15,20-20
21.9,83.2,30.7,Red,Cotton,19,16,35,20-20
30.4,70.4,56.1,Alluvial,Wheat,26,45,36,17-17-17
27.9,64.5,31.7,Red,Rice,35,16,18,20-20
32.1,50.5,35.8,Clayey,Tobacco,43,42,35,17-17-17
27.6,56.8,44.7,Black,Sugarcane,12,15,10,20-20
30.7,44.5,49.2,Black,Maize,16,23,38,20-20
26.1,66.5,28.6,Clayey,Wheat,44,21,39,17-17-17
29.2,70.9,38.0,Sandy,Maize,32,15,13,20-20
26.5,69.2,26.0,Clayey,Rice,45,13,46,28-28
34.3,45.8,25.7,Red,Sugarcane,42,8,48,28-28
31.8,65.8,41.2,Alluvial,Maize,4,35,42,10-26-26
37.4,47.9,48.9,Red,Cotton,25,44,3,14-35-14
24.1,71.0,59.6,Sandy,Rice,2,43,48,10-26-26
31.8,57.6,41.6,Loamy,Tobacco,3,16,14,20-20
31.3,70.0,36.4,Black,Wheat,34,43,30,17-17-17
28.4,78.7,25.2,Red,Rice,35,25,28,17-17-17
20.7,69.0,38.6,Alluvial,Cotton,2,20,22,20-20
21.4,77.5,32.8,Loamy,Pulses,25,34,40,17-17-17
35.4,85.0,49.3,Red,Groundnuts,0,45,18,10-26-26
25.3,81.1,39.7,Clayey,Rice,15,12,32,20-20
34.7,77.5,52.9,Alluvial,Groundnuts,32,4,28,28-28
35.4,63.1,40.9,Loamy,Groundnuts,12,23,9,20-20
35.4,60.1,38.7,Alluvial,Tobacco,33,27,48,17-17-17
32.3,51.2,60.1,Loamy,Wheat,4,6,2,20-20
25.9,55.2,47.8,Loamy,Barley,17,6,31,20-20
35.3,82.9,41.2,Sandy,Rice,3,4,33,DAP
20.6,65.1,62.9,Alluvial,Rice,3,25,38,20-20
21.7,50.1,44.8,Alluvial,Rice,25,17,22,20-20
22.8,75.4,27.3,Black,Cotton,25,41,8,14-35-14
25.1,67.6,48.4,Black,Wheat,23,12,8,20-20
23.4,57.3,58.4,Loamy,Maize,21,32,10,14-35-14
21.9,77.2,58.2,Loamy,Sugarcane,24,32,24,17-17-17
29.8,84.5,31.7,Red,Maize,5,24,16,20-20
34.6,71.7,62.8,Laterite,Groundnuts,25,7,35,20-20
23.1,70.4,46.7,Loamy,Rice,3,25,21,20-20
31.3,45.1,53.8,Clayey,Barley,11,23,10,20-20
34.4,41.7,39.7,Alluvial,Barley,19,32,13,10-26-26
22.5,82.0,44.5,Clayey,Tobacco,32,18,47,20-20
18.0,45.4,46.4,Clayey,Sugarcane,44,15,7,20-20
28.4,43.3,32.7,Sandy,Maize,4,17,15,20-20
35.7,76.5,40.0,Black,Rice,24,39,4,14-35-14
33.7,54.1,61.6,Black,Wheat,38,15,15,20-20
22.2,54.1,32.2,Alluvial,Groundnuts,24,37,31,17-17-17
18.8,68.7,27.0,Red,Groundnuts,36,24,26,17-17-17
19.8,72.8,38.9,Sandy,Barley,21,43,49,17-17-17
26.1,45.1,48.1,Alluvial,Pulses,44,33,16,20-20
31.3,42.0,38.1,Sandy,Wheat,44,26,22,17-17-17
27.0,55.0,42.5,Black,Groundnuts,36,16,21,20-20
22.0,54.4,48.7,Clayey,Millets,49,42,21,17-17-17
34.2,48.5,29.4,Red,Barley,30,6,40,28-28
33.6,62.5,39.3,Loamy,Millets,24,15,18,20-20
34.7,58.7,55.6,Black,Sugarcane,31,46,44,17-17-17
37.7,63.1,62.4,Red,Barley,32,4,28,28-28
36.6,47.8,48.2,Loamy,Rice,14,2,39,DAP
32.9,54.0,37.2,Black,Millets,0,9,28,20-20
23.1,66.7,62.4,Loamy,Pulses,40,44,42,17-17-17
23.3,72.0,29.0,Laterite,Tobacco,13,22,26,20-20
33.9,55.3,25.3,Laterite,Barley,29,30,18,20-20
24.5,59.7,36.2,Sandy,Pulses,9,30,47,20-20
22.5,81.5,42.0,Loamy,Sugarcane,12,18,49,20-20
29.3,81.8,27.2,Clayey,Rice,10,42,16,10-26-26
20.8,40.0,57.4,Clayey,Barley,15,5,30,20-20
28.3,72.7,48.2,Sandy,Sugarcane,23,43,47,17-17-17
34.1,84.5,40.1,Black,Sugarcane,1,43,24,10-26-26
31.2,47.1,52.5,Black,Maize,40,37,27,17-17-17
33.0,51.8,60.3,Black,Rice,5,15,17,20-20
25.8,72.1,51.4,Sandy,Barley,16,31,49,10-26-26
34.8,69.2,38.5,Loamy,Groundnuts,28,0,21,20-20
22.6,73.7,50.2,Black,Sugarcane,45,44,34,17-17-17
30.6,53.0,50.5,Black,Tobacco,46,6,39,28-28
35.0,62.5,52.2,Red,Millets,18,3,32,20-20
36.7,49.2,30.9,Red,Tobacco,5,22,43,20-20
20.5,84.4,37.6,Loamy,Rice,11,36,4,10-26-26
34.9,50.8,41.6,Laterite,Maize,17,24,32,20-20
28.3,51.4,62.6,Loamy,Barley,42,31,42,17-17-17
28.8,72.2,47.3,Alluvial,Maize,34,11,29,28-28
24.7,65.2,28.8,Red,Wheat,31,49,19,20-20
35.5,47.1,43.2,Clayey,Cotton,36,16,21,20-20
22.7,72.8,30.3,Clayey,Pulses,46,15,12,20-20
36.3,45.3,50.8,Loamy,Maize,6,39,14,10-26-26
20.7,65.7,41.3,Red,Wheat,39,42,40,17-17-17
23.8,40.7,48.0,Black,Millets,5,31,27,10-26-26
24.9,56.1,25.3,Black,Tobacco,7,6,42,DAP
30.2,79.2,25.6,Red,Pulses,47,3,21,20-20
26.3,73.6,28.8,Laterite,Pulses,23,34,27,17-17-17
22.2,57.7,37.7,Red,Groundnuts,47,48,47,17-17-17
34.0,59.9,44.6,Red,Pulses,27,37,38,17-17-17
23.2,79.8,48.1,Laterite,Pulses,18,12,22,20-20
24.2,53.2,57.4,Red,Rice,27,15,46,20-20
32.6,59.4,52.2,Clayey,Barley,48,8,31,28-28
27.5,69.0,29.3,Loamy,Tobacco,6,30,11,20-20
24.3,54.1,50.3,Laterite,Groundnuts,49,46,26,17-17-17
19.9,72.8,38.0,Alluvial,Barley,14,32,5,10-26-26
28.2,66.3,39.4,Red,Millets,15,22,23,20-20
36.0,47.4,40.3,Clayey,Tobacco,43,29,44,17-17-17
31.3,55.6,31.9,Loamy,Tobacco,25,46,14,14-35-14
35.9,63.8,51.8,Clayey,Barley,27,29,6,14-35-14
35.6,54.2,30.2,Clayey,Tobacco,3,43,28,10-26-26
23.5,41.5,41.8,Loamy,Sugarcane,25,26,36,17-17-17
21.2,80.8,45.6,Sandy,Wheat,48,40,8,14-35-14
32.2,49.0,33.4,Sandy,Tobacco,26,7,26,28-28
24.5,77.8,36.9,Black,Cotton,7,30,28,20-20
22.6,52.3,37.6,Clayey,Pulses,40,33,1,14-35-14
27.1,80.9,29.2,Red,Wheat,29,41,17,20-20
20.0,58.2,27.5,Black,Rice,19,1,44,20-20
18.8,77.8,42.9,Loamy,Barley,12,34,35,10-26-26
24.0,76.1,35.9,Loamy,Groundnuts,43,41,20,20-20
34.8,76.1,41.4,Loamy,Tobacco,45,36,33,17-17-17
33.5,77.0,27.4,Sandy,Cotton,43,41,17,20-20
35.5,78.3,56.1,Sandy,Pulses,23,37,46,17-17-17
37.5,84.1,35.7,Red,Tobacco,49,14,25,20-20
32.9,76.3,35.9,Laterite,Wheat,0,11,7,20-20
20.3,71.8,61.5,Alluvial,Groundnuts,12,0,27,20-20
21.7,68.9,38.1,Clayey,Wheat,38,3,22,20-20
37.0,47.6,63.6,Laterite,Cotton,40,6,1,Urea
22.2,50.8,30.2,Alluvial,Rice,32,1,25,20-20
23.0,67.4,48.4,Alluvial,Millets,14,28,41,20-20
25.2,75.0,54.6,Loamy,Pulses,8,35,15,10-26-26
26.3,78.3,34.2,Alluvial,Wheat,21,15,12,20-20
29.2,46.1,37.8,Clayey,Cotton,2,0,9,20-20
34.1,74.3,40.4,Red,Cotton,42,27,3,14-35-14
22.0,62.3,54.7,Black,Millets,49,15,13,20-20
18.4,61.7,38.2,Red,Groundnuts,1,8,38,DAP
28.6,53.0,50.2,Clayey,Wheat,10,40,38,10-26-26
24.8,44.9,35.5,Alluvial,Cotton,35,8,33,28-28
37.4,56.8,52.3,Clayey,Maize,4,8,3,20-20
23.8,45.4,53.1,Red,Groundnuts,9,48,5,10-26-26
20.3,53.7,56.3,Black,Sugarcane,46,49,24,17-17-17
36.9,75.8,32.3,Red,Cotton,9,35,33,10-26-26
31.6,65.7,44.2,Red,Groundnuts,24,48,30,17-17-17
25.5,56.3,27.1,Alluvial,Pulses,18,28,34,20-20
31.0,49.0,34.6,Laterite,Rice,5,7,0,20-20
20.7,42.5,59.7,Red,Rice,42,28,18,20-20
23.8,46.7,34.6,Black,Sugarcane,9,5,30,20-20
24.7,49.3,40.1,Black,Rice,15,23,7,20-20
31.7,40.1,62.2,Red,Barley,36,9,12,Urea
23.1,45.7,27.3,Black,Sugarcane,33,9,38,28-28
33.2,40.7,47.3,Loamy,Cotton,16,19,47,20-20
24.3,53.3,54.3,Red,Tobacco,33,44,6,14-35-14
25.0,64.8,39.4,Loamy,Wheat,14,5,21,20-20
24.3,63.7,38.0,Loamy,Cotton,31,4,31,28-28
21.1,72.0,52.1,Clayey,Cotton,23,12,1,20-20
31.4,49.7,48.6,Loamy,Groundnuts,34,27,22,17-17-17
30.5,58.6,59.4,Black,Maize,39,39,16,20-20
24.6,49.5,44.9,Alluvial,Millets,11,30,47,20-20
29.9,67.2,44.2,Loamy,Wheat,40,13,6,Urea
29.8,63.4,54.7,Sandy,Millets,18,16,30,20-20
18.5,55.1,64.0,Sandy,Pulses,15,38,18,10-26-26
33.9,45.7,61.1,Black,Groundnuts,41,11,12,Urea
26.7,75.3,28.7,Black,Sugarcane,36,34,11,14-35-14
18.6,77.3,56.5,Clayey,Barley,8,46,21,10-26-26
29.7,74.4,64.7,Laterite,Sugarcane,15,2,30,20-20
37.7,68.8,59.4,Black,Millets,2,2,22,20-20
32.9,78.6,44.8,Alluvial,Millets,38,23,24,17-17-17
26.8,42.9,58.0,Alluvial,Barley,15,43,23,10-26-26
36.1,45.0,32.1,Laterite,Sugarcane,4,44,13,10-26-26
26.0,52.8,31.8,Black,Tobacco,16,20,49,20-20
34.4,65.0,32.2,Black,Pulses,25,30,32,17-17-17
35.4,44.4,42.5,Laterite,Groundnuts,15,8,42,20-20
21.9,54.3,36.3,Alluvial,Tobacco,28,24,5,14-35-14
25.2,40.5,50.0,Alluvial,Pulses,3,27,33,20-20
33.8,67.8,29.5,Alluvial,Groundnuts,0,30,28,20-20
28.8,61.1,36.8,Loamy,Pulses,10,23,26,20-20
26.5,63.2,31.8,Loamy,Wheat,22,48,11,14-35-14
32.1,53.1,43.8,Laterite,Groundnuts,45,44,6,14-35-14
32.9,47.9,27.6,Red,Groundnuts,35,39,37,17-17-17
25.3,54.3,59.0,Loamy,Barley,25,38,13,14-35-14
18.1,50.9,45.4,Clayey,Cotton,37,3,0,Urea
25.0,60.3,30.3,Laterite,Wheat,7,15,42,20-20
25.6,61.3,50.2,Red,Pulses,25,5,46,20-20
23.4,71.4,25.1,Laterite,Tobacco,15,12,0,20-20
18.9,52.0,44.9,Red,Groundnuts,27,44,13,14-35-14
18.4,68.8,41.6,Laterite,Wheat,26,40,44,17-17-17
21.6,71.0,47.6,Black,Pulses,7,13,47,DAP
31.5,45.2,52.8,Black,Rice,12,14,8,20-20
25.6,83.1,38.2,Black,Pulses,22,30,44,17-17-17
28.7,68.7,63.1,Alluvial,Barley,38,46,26,17-17-17
19.9,41.0,27.2,Clayey,Wheat,19,39,44,10-26-26
31.0,69.4,63.2,Clayey,Tobacco,21,12,44,20-20
24.3,41.6,30.5,Loamy,Pulses,7,40,36,10-26-26
19.7,76.0,60.9,Laterite,Tobacco,28,0,26,28-28
37.9,65.0,31.8,Black,Cotton,40,43,2,14-35-14
30.2,81.7,51.6,Loamy,Wheat,5,16,28,20-20
36.3,53.0,32.4,Laterite,Sugarcane,49,6,10,Urea
24.4,51.3,63.2,Loamy,Tobacco,17,19,34,20-20
27.0,59.1,31.3,Sandy,Sugarcane,5,25,6,20-20
28.6,57.6,49.9,Alluvial,Tobacco,24,14,38,20-20
29.1,75.4,46.7,Red,Sugarcane,46,13,27,28-28
27.4,79.5,48.4,Sandy,Cotton,4,29,37,20-20
29.9,55.1,57.6,Red,Barley,14,22,45,20-20
21.3,84.7,47.5,Sandy,Rice,41,26,3,14-35-14
31.3,58.9,63.6,Sandy,Millets,42,6,42,28-28
27.8,54.2,33.1,Black,Sugarcane,27,40,15,20-20
23.7,52.1,59.4,Clayey,Groundnuts,20,42,5,20-20
31.2,53.2,33.6,Black,Sugarcane,17,2,18,20-20
22.4,60.9,43.8,Laterite,Pulses,22,40,33,17-17-17
28.8,53.9,30.8,Sandy,Pulses,37,23,3,14-35-14
25.0,63.4,51.2,Alluvial,Sugarcane,25,25,30,17-17-17
21.1,60.3,41.3,Clayey,Millets,14,9,40,DAP
26.4,81.0,64.7,Alluvial,Cotton,18,7,13,20-20
33.2,63.0,50.8,Laterite,Groundnuts,0,27,42,20-20
35.0,40.9,49.2,Red,Pulses,28,25,24,17-17-17
27.3,50.8,60.8,Red,Millets,37,45,44,17-17-17
29.1,82.6,45.2,Red,Wheat,10,25,46,20-20
26.4,64.6,47.1,Sandy,Barley,48,36,33,17-17-17
32.4,49.6,32.9,Alluvial,Millets,43,13,43,28-28
26.8,61.6,60.9,Black,Maize,25,9,15,20-20
37.5,40.4,61.0,Red,Maize,7,9,13,20-20
21.4,69.4,26.0,Clayey,Wheat,18,25,27,20-20
28.0,49.6,27.4,Loamy,Tobacco,15,9,30,20-20
21.0,57.9,61.2,Laterite,Wheat,12,42,12,10-26-26
31.7,58.7,50.9,Clayey,Rice,36,33,38,17-17-17
18.5,75.6,25.5,Laterite,Rice,27,21,9,14-35-14
37.3,66.5,43.8,Black,Rice,34,27,16,20-20
30.6,75.3,50.9,Black,Pulses,43,12,36,28-28
22.3,68.7,45.2,Clayey,Groundnuts,33,34,47,17-17-17
34.9,63.6,52.7,Red,Tobacco,36,24,47,17-17-17
31.7,71.5,54.1,Alluvial,Cotton,29,43,11,14-35-14
31.3,49.6,51.3,Alluvial,Wheat,10,26,12,20-20
23.0,60.4,40.4,Black,Barley,6,27,13,20-20
20.4,59.2,36.5,Alluvial,Maize,34,45,22,17-17-17
28.3,62.7,31.0,Sandy,Maize,2,2,4,20-20
32.2,73.7,32.9,Loamy,Pulses,16,27,13,20-20
22.3,57.3,54.6,Black,Groundnuts,21,38,47,17-17-17
28.5,80.4,31.6,Clayey,Sugarcane,21,0,20,20-20
23.2,64.2,61.3,Sandy,Sugarcane,30,21,38,17-17-17
20.5,83.8,34.2,Clayey,Millets,39,43,13,14-35-14
35.2,53.9,51.4,Clayey,Tobacco,18,7,46,20-20
20.3,48.3,29.5,Sandy,Millets,4,16,15,20-20
32.3,59.7,41.1,Black,Groundnuts,1,46,19,10-26-26
21.2,74.4,44.7,Alluvial,Maize,5,38,43,10-26-26
31.7,77.9,41.6,Clayey,Maize,4,39,40,10-26-26
31.3,67.2,28.5,Laterite,Maize,13,43,13,10-26-26
32.2,66.4,39.3,Alluvial,Rice,31,2,47,28-28
30.5,53.6,63.7,Sandy,Millets,22,9,37,20-20
29.7,42.8,51.2,Alluvial,Groundnuts,37,44,17,20-20
23.8,75.9,56.3,Loamy,Millets,40,33,12,14-35-14
18.2,43.7,30.0,Clayey,Cotton,4,41,18,10-26-26
26.8,42.0,61.8,Clayey,Maize,21,16,12,20-20
26.8,84.8,41.8,Laterite,Pulses,27,40,45,17-17-17
34.3,78.7,49.6,Red,Millets,45,13,10,Urea
22.0,60.3,52.7,Loamy,Sugarcane,17,12,34,20-20
36.3,65.2,31.2,Sandy,Maize,46,46,41,17-17-17
26.9,41.5,37.8,Sandy,Rice,15,37,43,10-26-26
26.6,58.0,32.4,Laterite,Groundnuts,29,26,33,17-17-17
18.2,46.3,37.9,Laterite,Barley,13,22,32,20-20
24.5,47.1,38.5,Loamy,Sugarcane,3,49,19,10-26-26
35.4,70.9,29.5,Red,Wheat,37,49,25,17-17-17
33.5,79.3,33.6,Loamy,Maize,39,16,30,20-20
34.6,60.0,47.8,Sandy,Pulses,47,30,24,17-17-17
34.6,47.1,48.8,Alluvial,Sugarcane,22,5,13,20-20
25.1,44.9,41.8,Loamy,Pulses,38,5,33,28-28
30.9,44.0,60.7,Black,Groundnuts,39,33,32,17-17-17
20.3,54.1,57.4,Laterite,Cotton,44,4,21,20-20
23.6,57.9,31.8,Laterite,Tobacco,33,37,6,14-35-14
24.5,69.0,59.1,Sandy,Sugarcane,49,22,41,17-17-17
21.8,68.7,51.2,Laterite,Groundnuts,24,48,24,17-17-17
32.7,65.7,27.7,Alluvial,Sugarcane,48,28,3,14-35-14
19.6,59.3,47.2,Clayey,Rice,35,12,21,20-20
23.2,74.2,55.9,Laterite,Millets,9,30,10,20-20
31.8,63.1,43.3,Laterite,Wheat,28,22,3,14-35-14
33.8,56.8,47.5,Sandy,Sugarcane,31,49,36,17-17-17
35.0,65.2,46.3,Alluvial,Rice,19,4,8,20-20
23.7,56.5,28.4,Alluvial,Millets,32,12,0,Urea
30.3,66.9,36.7,Red,Groundnuts,9,27,18,20-20
24.1,63.3,40.3,Laterite,Millets,3,6,37,DAP
23.6,51.0,47.4,Black,Millets,19,44,41,10-26-26
34.9,73.1,33.5,Clayey,Maize,31,7,29,28-28
26.5,58.8,51.6,Clayey,Sugarcane,25,29,20,20-20
28.3,76.9,46.9,Black,Cotton,49,39,13,14-35-14
37.0,78.7,34.1,Loamy,Millets,45,34,22,17-17-17
35.1,74.9,40.7,Loamy,Millets,15,38,39,10-26-26
23.5,81.9,39.6,Black,Groundnuts,33,26,16,20-20
28.3,56.6,54.6,Red,Sugarcane,47,22,11,14-35-14
32.1,73.6,56.8,Alluvial,Rice,34,46,0,14-35-14
20.8,58.0,64.2,Sandy,Tobacco,31,23,20,20-20
27.8,71.6,45.5,Sandy,Maize,24,21,22,17-17-17
29.5,75.6,38.0,Black,Cotton,41,5,22,20-20
34.0,59.5,44.7,Alluvial,Maize,49,11,28,28-28
27.2,54.7,44.0,Loamy,Millets,43,7,18,20-20
23.0,57.9,42.1,Laterite,Millets,38,31,44,17-17-17
37.2,58.7,49.0,Clayey,Rice,19,16,16,20-20
31.8,70.6,35.1,Sandy,Cotton,27,42,32,17-17-17
24.5,61.7,49.7,Loamy,Tobacco,9,4,41,DAP
21.4,68.5,41.8,Black,Tobacco,40,1,36,28-28
28.9,62.4,30.4,Loamy,Maize,32,44,3,14-35-14
30.1,69.7,41.1,Loamy,Tobacco,8,17,5,20-20
25.4,83.2,57.8,Clayey,Wheat,16,7,42,20-20
23.7,52.2,59.2,Sandy,Rice,27,16,42,20-20
22.0,50.4,56.9,Laterite,Sugarcane,7,47,12,10-26-26
21.8,47.5,32.2,Alluvial,Wheat,33,12,8,Urea
37.1,76.6,61.2,Alluvial,Sugarcane,35,27,9,14-35-14
22.1,77.3,46.5,Clayey,Pulses,47,45,2,14-35-14
36.9,59.9,49.0,Black,Rice,47,2,13,Urea
21.2,71.5,62.1,Sandy,Rice,34,4,11,Urea
33.9,40.2,50.3,Alluvial,Tobacco,10,37,47,10-26-26
36.2,78.1,30.1,Red,Barley,41,3,34,28-28
23.3,80.5,62.1,Sandy,Rice,11,5,10,20-20
27.5,45.5,62.1,Alluvial,Pulses,47,41,2,14-35-14
21.1,68.1,38.5,Red,Barley,26,43,20,20-20
34.8,63.1,30.6,Sandy,Maize,45,30,17,20-20
28.7,77.5,41.1,Sandy,Sugarcane,22,46,30,17-17-17
22.8,47.6,56.0,Black,Wheat,37,28,22,17-17-17
30.7,76.5,26.8,Black,Wheat,10,4,47,DAP
23.8,53.9,45.9,Black,Sugarcane,15,36,13,10-26-26
37.5,69.0,36.1,Alluvial,Barley,35,15,5,20-20
34.5,76.7,62.4,Clayey,Cotton,40,28,35,17-17-17
27.3,68.2,56.8,Laterite,Cotton,12,17,45,20-20
26.9,70.1,50.2,Sandy,Rice,5,2,37,DAP
23.3,62.3,58.9,Alluvial,Cotton,7,31,36,10-26-26
32.6,47.4,39.1,Black,Tobacco,36,31,37,17-17-17
36.1,67.1,44.7,Alluvial,Rice,16,44,7,10-26-26
30.3,62.4,64.6,Black,Cotton,2,16,26,20-20
22.2,55.2,57.4,Red,Groundnuts,46,47,46,17-17-17
28.6,46.2,39.8,Red,Rice,28,5,31,28-28
27.2,70.3,46.7,Clayey,Maize,24,2,8,20-20
30.1,79.6,38.0,Red,Tobacco,15,10,47,20-20
34.4,53.3,53.2,Loamy,Tobacco,8,21,43,20-20
31.7,63.4,58.2,Black,Barley,37,23,20,20-20
19.4,76.1,57.4,Laterite,Barley,31,31,41,17-17-17
19.0,79.3,28.0,Black,Millets,25,42,11,14-35-14
36.5,42.6,26.2,Clayey,Wheat,26,38,8,14-35-14
28.7,79.4,61.5,Loamy,Rice,2,9,44,DAP
19.4,66.1,53.8,Loamy,Maize,26,38,21,17-17-17
18.2,60.7,44.5,Clayey,Pulses,47,41,18,20-20
34.8,40.5,37.5,Red,Wheat,48,29,21,17-17-17
19.1,66.8,28.5,Sandy,Rice,19,48,48,10-26-26
27.4,43.2,48.9,Loamy,Tobacco,15,37,29,10-26-26
18.2,49.6,49.6,Sandy,Groundnuts,31,12,48,28-28
38.0,68.1,47.3,Sandy,Pulses,19,4,33,20-20
21.8,71.6,36.6,Laterite,Maize,16,44,47,10-26-26
31.9,47.4,30.9,Sandy,Groundnuts,47,5,45,28-28
22.8,57.1,44.0,Loamy,Maize,46,40,43,17-17-17
24.5,54.3,42.9,Black,Tobacco,39,21,21,17-17-17
19.5,70.3,58.0,Laterite,Barley,26,32,16,20-20
31.2,60.2,42.9,Black,Maize,25,48,3,14-35-14
36.5,80.9,45.5,Clayey,Pulses,22,21,15,20-20
21.4,54.2,48.8,Clayey,Sugarcane,4,6,15,20-20
23.6,44.8,29.5,Alluvial,Wheat,23,9,27,20-20
33.1,44.8,28.3,Sandy,Pulses,45,15,6,20-20
28.0,42.0,38.9,Laterite,Sugarcane,5,4,27,20-20
22.2,43.3,43.6,Loamy,Rice,39,17,36,20-20
36.6,57.0,43.5,Clayey,Groundnuts,6,49,13,10-26-26
29.8,42.8,63.3,Clayey,Rice,47,16,17,20-20
21.8,61.1,53.8,Sandy,Rice,16,12,41,20-20
23.7,56.4,43.6,Red,Millets,43,1,27,28-28
37.0,43.5,62.3,Alluvial,Sugarcane,44,34,28,17-17-17
30.1,70.2,49.1,Red,Rice,47,28,2,14-35-14
24.9,55.7,43.8,Laterite,Wheat,17,22,4,20-20
27.0,77.2,28.9,Clayey,Millets,0,26,2,20-20
30.7,69.0,58.1,Black,Maize,41,29,19,20-20
33.7,79.7,58.5,Sandy,Tobacco,48,11,30,28-28
25.6,55.3,49.8,Clayey,Sugarcane,25,39,35,17-17-17
24.2,79.2,31.2,Red,Rice,0,43,30,10-26-26
32.3,47.1,35.1,Clayey,Groundnuts,34,15,20,20-20
20.9,46.0,62.8,Red,Groundnuts,23,3,26,20-20
28.2,45.8,54.6,Sandy,Groundnuts,16,44,37,10-26-26
36.3,42.9,27.2,Clayey,Millets,42,11,12,Urea
33.4,47.7,26.8,Laterite,Pulses,40,14,4,Urea
27.9,49.2,54.5,Laterite,Maize,48,23,44,17-17-17
27.0,83.7,59.0,Laterite,Sugarcane,36,25,37,17-17-17
26.5,52.5,43.8,Loamy,Pulses,12,2,36,DAP
29.9,79.2,26.9,Red,Wheat,44,18,39,20-20
20.1,69.9,36.4,Black,Sugarcane,2,2,4,20-20
30.1,76.1,56.7,Sandy,Groundnuts,23,39,16,20-20
20.6,56.9,51.9,Black,Tobacco,34,28,48,17-17-17
22.0,52.9,31.5,Sandy,Millets,45,9,47,28-28
25.5,80.6,61.7,Black,Sugarcane,2,5,1,20-20
23.1,51.8,26.6,Alluvial,Sugarcane,21,13,48,20-20
26.2,66.1,40.7,Sandy,Tobacco,18,5,18,20-20
31.0,59.1,42.0,Sandy,Wheat,1,43,46,10-26-26
24.6,62.9,26.0,Laterite,Millets,13,12,19,20-20
27.2,58.6,35.3,Black,Wheat,0,23,25,20-20
26.8,57.7,58.9,Red,Rice,20,2,25,20-20
32.9,63.9,57.4,Laterite,Wheat,32,10,6,Urea
36.8,78.9,45.0,Clayey,Groundnuts,45,21,17,20-20
23.2,50.2,44.2,Alluvial,Pulses,36,20,5,20-20
19.5,68.3,56.7,Laterite,Wheat,44,9,28,28-28
23.2,47.3,38.5,Sandy,Maize,39,5,25,20-20
23.4,77.9,37.5,Laterite,Cotton,36,18,5,20-20
28.2,68.0,40.8,Loamy,Maize,7,3,37,DAP
23.3,71.0,56.7,Sandy,Pulses,12,6,40,DAP
20.1,62.1,55.7,Black,Sugarcane,3,11,37,DAP
19.6,43.1,50.6,Black,Wheat,8,11,8,20-20
32.6,56.0,57.8,Alluvial,Millets,31,19,5,20-20
27.5,77.0,35.9,Red,Millets,18,30,6,20-20
37.9,58.0,49.6,Clayey,Maize,16,43,36,10-26-26
26.6,42.4,28.8,Black,Pulses,40,26,35,17-17-17
18.4,51.4,45.7,Alluvial,Barley,1,44,31,10-26-26
32.2,79.1,62.4,Clayey,Pulses,4,35,34,10-26-26
33.5,83.7,43.7,Clayey,Rice,24,24,3,14-35-14
32.8,68.1,64.5,Red,Tobacco,42,13,35,28-28
23.9,79.5,55.6,Red,Maize,24,25,2,14-35-14
25.1,68.6,55.1,Black,Cotton,15,18,46,20-20
27.5,64.1,55.8,Red,Cotton,47,14,1,Urea
21.3,84.8,29.8,Laterite,Millets,45,0,12,Urea
32.6,76.5,59.4,Alluvial,Millets,45,11,41,28-28
35.0,56.5,48.6,Sandy,Rice,49,6,27,28-28
28.6,73.1,58.5,Clayey,Pulses,14,20,37,20-20
24.6,47.0,59.0,Loamy,Maize,32,5,40,28-28
31.9,40.2,42.1,Black,Cotton,7,12,38,DAP
23.7,63.3,35.5,Red,Barley,31,1,21,20-20
26.4,75.0,54.4,Alluvial,Millets,29,39,16,20-20
25.3,82.1,27.2,Clayey,Maize,15,25,12,20-20
21.7,53.3,53.7,Loamy,Cotton,13,26,17,20-20
20.0,72.3,52.2,Laterite,Maize,27,12,40,28-28
25.5,46.7,47.3,Alluvial,Cotton,31,2,37,28-28
18.0,47.6,26.2,Alluvial,Tobacco,22,15,16,20-20
27.4,46.7,35.6,Red,Groundnuts,43,14,16,20-20
35.4,67.2,49.6,Sandy,Maize,26,15,34,20-20
31.7,74.9,37.5,Loamy,Maize,32,38,32,17-17-17
37.1,57.4,56.5,Loamy,Maize,24,15,44,20-20
31.5,49.0,28.2,Sandy,Millets,23,19,12,20-20
20.7,81.1,43.8,Sandy,Barley,46,25,29,17-17-17
25.1,75.9,42.7,Loamy,Wheat,10,22,9,20-20
22.7,66.5,47.8,Alluvial,Sugarcane,5,1,9,20-20
25.2,73.2,49.0,Clayey,Barley,1,4,45,DAP
29.4,77.4,62.3,Red,Maize,40,6,36,28-28
27.7,77.4,63.0,Black,Cotton,22,3,18,20-20
31.3,59.8,63.1,Laterite,Barley,47,31,34,17-17-17
29.7,82.7,44.4,Alluvial,Millets,5,16,16,20-20
36.9,57.9,33.7,Alluvial,Barley,31,49,35,17-17-17
33.0,82.0,37.7,Clayey,Sugarcane,37,18,16,20-20
35.7,72.8,62.1,Alluvial,Cotton,33,30,10,14-35-14
29.2,59.3,63.6,Clayey,Barley,9,26,25,20-20
36.2,40.4,54.4,Loamy,Barley,15,12,40,20-20
31.1,70.3,25.2,Laterite,Millets,48,1,26,28-28
24.9,80.2,36.7,Black,Rice,29,7,44,28-28
37.9,40.5,37.0,Sandy,Groundnuts,30,42,7,14-35-14
18.0,74.1,64.4,Sandy,Barley,15,19,12,20-20
27.3,63.0,30.5,Sandy,Wheat,44,33,47,17-17-17
28.7,72.7,29.9,Alluvial,Wheat,49,26,7,14-35-14
33.0,62.7,60.8,Laterite,Groundnuts,18,36,44,10-26-26
19.7,55.2,30.2,Clayey,Tobacco,38,33,35,17-17-17
23.2,80.9,25.8,Red,Millets,14,14,23,20-20
18.3,67.8,27.5,Clayey,Groundnuts,16,39,15,10-26-26
25.0,61.9,64.1,Laterite,Millets,32,16,9,20-20
23.4,64.0,49.3,Alluvial,Rice,7,22,12,20-20
32.1,50.0,35.4,Clayey,Pulses,40,2,34,28-28
27.2,65.0,36.4,Alluvial,Maize,14,1,13,20-20
20.1,67.6,28.8,Alluvial,Millets,39,26,27,17-17-17
31.7,69.0,25.6,Alluvial,Maize,46,1,12,Urea
30.9,59.6,33.0,Clayey,Barley,40,40,35,17-17-17
18.3,45.4,51.0,Laterite,Cotton,30,6,23,20-20
27.4,81.6,40.9,Sandy,Tobacco,28,13,19,20-20
35.1,78.0,44.2,Red,Maize,38,37,14,14-35-14
26.3,50.3,34.3,Laterite,Cotton,16,34,8,10-26-26
30.3,61.3,40.7,Sandy,Cotton,48,0,14,Urea
27.2,41.0,34.1,Clayey,Maize,12,29,5,20-20
28.8,71.0,43.8,Sandy,Wheat,37,1,39,28-28
28.8,51.3,60.6,Loamy,Wheat,38,34,3,14-35-14
35.5,47.7,30.4,Loamy,Wheat,17,47,20,10-26-26
31.6,43.9,43.4,Laterite,Rice,20,18,26,20-20
32.3,66.9,33.5,Red,Millets,41,4,47,28-28
32.5,69.0,54.1,Alluvial,Cotton,20,48,22,20-20
20.4,65.7,61.3,Loamy,Groundnuts,22,37,28,17-17-17
28.8,44.1,52.2,Laterite,Sugarcane,2,28,36,20-20
30.6,61.3,51.9,Clayey,Barley,49,0,44,28-28
25.7,66.5,50.9,Laterite,Cotton,34,44,5,14-35-14
24.7,77.4,36.0,Sandy,Wheat,43,28,41,17-17-17
23.3,83.5,31.4,Red,Cotton,36,12,26,28-28
32.0,51.4,26.6,Black,Pulses,41,8,33,28-28
29.8,62.6,59.9,Loamy,Maize,42,35,16,20-20
32.3,81.7,28.5,Alluvial,Millets,43,40,36,17-17-17
25.2,76.6,49.5,Black,Tobacco,18,4,4,20-20
18.8,66.3,26.9,Red,Pulses,20,27,0,20-20
25.5,81.6,58.2,Black,Tobacco,12,24,32,20-20
21.3,83.0,51.7,Sandy,Barley,22,30,10,14-35-14
24.3,70.5,44.4,Red,Groundnuts,34,16,35,20-20
34.9,81.0,57.8,Clayey,Groundnuts,2,5,29,20-20
32.3,40.2,26.9,Black,Tobacco,30,25,12,14-35-14
36.3,48.7,40.6,Alluvial,Maize,39,23,42,17-17-17
19.6,75.6,41.9,Laterite,Maize,48,13,13,Urea
22.0,50.9,41.6,Clayey,Rice,31,20,14,20-20
30.3,55.9,38.3,Clayey,Maize,18,43,46,10-26-26
38.0,75.1,36.5,Black,Pulses,29,29,37,17-17-17
27.1,77.3,64.0,Clayey,Pulses,15,13,23,20-20
27.8,63.9,33.1,Clayey,Tobacco,19,39,13,10-26-26
24.3,68.0,51.1,Laterite,Pulses,39,37,37,17-17-17
35.6,79.9,63.3,Loamy,Cotton,39,32,32,17-17-17
34.4,56.5,49.1,Black,Groundnuts,20,32,27,20-20
21.7,45.9,48.7,Alluvial,Groundnuts,34,1,13,Urea
33.9,42.2,59.2,Black,Cotton,9,21,47,20-20
35.9,48.7,30.2,Red,Pulses,20,43,20,20-20
27.9,76.4,43.8,Sandy,Millets,43,9,33,28-28
26.0,59.0,50.0,Alluvial,Wheat,32,43,37,17-17-17
21.9,83.8,31.1,Red,Pulses,22,42,21,17-17-17
35.3,65.3,63.0,Loamy,Maize,0,23,3,20-20
29.1,57.2,31.3,Laterite,Cotton,35,5,26,28-28
27.0,67.0,38.1,Loamy,Wheat,40,28,37,17-17-17
34.8,44.7,58.5,Red,Cotton,35,15,44,20-20
27.4,80.9,39.5,Clayey,Pulses,23,25,38,17-17-17
34.5,81.9,49.9,Loamy,Cotton,5,7,33,DAP
30.3,82.5,26.9,Red,Millets,21,11,17,20-20
34.7,80.6,57.6,Red,Millets,33,12,45,28-28
29.6,47.6,42.0,Sandy,Groundnuts,36,36,13,14-35-14
28.4,71.3,62.7,Loamy,Pulses,39,31,32,17-17-17
28.5,65.7,59.1,Red,Millets,18,16,25,20-20
28.0,83.1,54.4,Laterite,Groundnuts,32,28,6,14-35-14
19.6,67.3,29.1,Red,Millets,7,11,41,DAP
24.4,51.1,25.4,Sandy,Tobacco,19,36,15,10-26-26
24.1,62.9,54.9,Clayey,Wheat,21,22,39,17-17-17
18.5,73.3,37.7,Laterite,Rice,8,20,23,20-20
28.3,72.1,35.9,Clayey,Pulses,24,48,25,17-17-17
30.9,62.2,49.8,Loamy,Pulses,43,27,5,14-35-14
28.7,70.6,59.9,Laterite,Tobacco,10,29,20,20-20
29.7,43.2,60.7,Red,Maize,20,20,37,20-20
26.0,53.6,56.8,Loamy,Groundnuts,20,40,16,20-20
29.3,61.6,29.2,Black,Wheat,10,48,47,10-26-26
36.1,58.4,63.1,Alluvial,Cotton,22,18,8,20-20
28.9,61.1,30.1,Loamy,Millets,26,35,38,17-17-17
32.2,40.9,47.8,Red,Millets,49,39,19,20-20
19.8,50.4,26.9,Loamy,Wheat,8,14,8,20-20
24.9,60.7,32.7,Black,Groundnuts,35,45,20,20-20
36.0,45.7,57.9,Laterite,Barley,32,6,43,28-28
18.2,70.5,44.1,Alluvial,Barley,43,37,16,20-20
35.6,61.7,47.5,Laterite,Wheat,36,8,34,28-28
32.0,64.6,49.4,Sandy,Groundnuts,1,7,35,DAP
37.0,55.1,38.0,Black,Tobacco,31,42,33,17-17-17
24.1,70.0,60.6,Loamy,Groundnuts,18,8,26,20-20
25.8,63.0,62.2,Sandy,Sugarcane,35,24,17,20-20
18.1,44.9,47.9,Laterite,Wheat,19,6,14,20-20
34.8,63.6,33.3,Alluvial,Tobacco,17,46,45,10-26-26
31.6,78.1,52.7,Sandy,Sugarcane,26,40,30,17-17-17
21.4,58.9,44.4,Loamy,Cotton,15,21,27,20-20
35.8,78.1,64.7,Clayey,Maize,4,38,33,10-26-26
35.9,62.4,49.0,Loamy,Tobacco,14,23,41,20-20
29.3,61.2,26.9,Sandy,Tobacco,13,47,1,10-26-26
18.1,51.0,53.2,Loamy,Pulses,22,47,6,14-35-14
32.6,43.3,33.9,Red,Pulses,39,27,6,14-35-14
30.3,48.5,36.4,Loamy,Wheat,24,12,40,20-20
36.5,44.7,40.5,Clayey,Millets,7,44,48,10-26-26
32.5,43.1,63.2,Laterite,Maize,13,38,47,10-26-26
19.4,41.5,54.8,Sandy,Sugarcane,45,3,24,20-20
26.9,47.5,64.3,Laterite,Tobacco,47,18,4,20-20
28.8,69.8,29.6,Clayey,Millets,46,26,38,17-17-17
20.7,80.4,34.7,Clayey,Pulses,13,24,13,20-20
18.2,50.9,52.2,Laterite,Cotton,0,19,41,20-20
31.9,57.8,39.9,Black,Tobacco,39,32,0,14-35-14
25.3,78.4,55.3,Loamy,Cotton,42,24,49,17-17-17
27.6,75.2,30.8,Red,Pulses,16,12,36,20-20
22.6,63.7,43.1,Alluvial,Cotton,18,43,5,10-26-26
28.3,51.8,53.9,Alluvial,Millets,9,28,9,20-20
30.9,48.2,55.0,Alluvial,Rice,20,45,16,20-20
26.2,71.7,34.1,Sandy,Barley,18,16,6,20-20
25.1,61.7,48.9,Sandy,Rice,47,36,4,14-35-14
23.4,70.1,57.3,Clayey,Wheat,19,43,12,10-26-26
37.2,62.6,61.7,Clayey,Tobacco,10,24,10,20-20
30.7,50.5,60.9,Black,Groundnuts,9,28,21,20-20
25.5,71.8,51.9,Sandy,Pulses,41,38,0,14-35-14
30.9,58.5,46.0,Alluvial,Sugarcane,10,46,9,10-26-26
19.8,53.1,39.9,Loamy,Millets,37,1,2,Urea
24.4,56.0,35.2,Sandy,Cotton,36,10,21,20-20
32.0,49.1,42.2,Loamy,Wheat,33,17,3,20-20
20.1,76.7,51.2,Laterite,Wheat,24,40,3,14-35-14
28.5,50.3,29.9,Clayey,Pulses,2,49,36,10-26-26
29.3,57.9,55.9,Loamy,Pulses,7,39,33,10-26-26
28.5,64.8,28.9,Black,Rice,15,6,6,20-20
36.8,42.4,45.0,Black,Maize,40,4,13,Urea
23.6,65.1,53.3,Sandy,Barley,31,14,35,28-28
37.0,55.3,29.3,Clayey,Wheat,16,27,9,20-20
18.8,73.9,46.0,Black,Pulses,15,17,49,20-20
23.6,81.0,37.2,Loamy,Rice,18,43,44,10-26-26
37.2,43.7,42.4,Clayey,Wheat,34,15,37,20-20
31.9,42.5,36.4,Red,Cotton,1,44,12,10-26-26
34.9,61.7,46.3,Clayey,Maize,40,9,48,28-28
37.1,76.0,51.7,Red,Maize,41,3,22,20-20
26.2,61.3,41.6,Laterite,Groundnuts,36,10,10,Urea
35.8,78.7,28.1,Alluvial,Barley,17,6,9,20-20
23.5,72.3,48.8,Laterite,Maize,17,43,30,10-26-26
20.1,81.5,57.2,Alluvial,Cotton,34,19,35,20-20
22.2,74.9,42.3,Red,Millets,6,20,1,20-20
35.2,61.6,25.1,Laterite,Groundnuts,45,10,8,Urea
36.2,82.7,58.0,Black,Millets,34,42,14,14-35-14
19.6,79.4,59.4,Laterite,Pulses,4,41,9,10-26-26
31.2,57.8,54.8,Laterite,Maize,1,29,10,20-20
29.5,69.6,32.8,Black,Tobacco,16,42,21,10-26-26
31.4,73.3,42.9,Alluvial,Wheat,45,27,35,17-17-17
31.9,66.6,60.1,Laterite,Tobacco,29,39,30,17-17-17
20.6,65.7,35.1,Laterite,Barley,5,26,4,20-20
21.5,66.8,58.4,Alluvial,Barley,7,14,46,DAP
35.8,66.5,61.7,Red,Sugarcane,16,18,41,20-20
35.4,70.4,64.7,Red,Tobacco,42,28,19,20-20
25.9,61.0,59.4,Black,Groundnuts,28,9,31,28-28
19.0,70.0,27.9,Black,Millets,2,1,20,20-20
27.3,44.2,53.3,Alluvial,Cotton,43,38,0,14-35-14
26.4,43.9,28.8,Sandy,Wheat,13,29,21,20-20
33.5,65.8,52.8,Laterite,Cotton,40,38,33,17-17-17
18.8,57.4,41.3,Alluvial,Pulses,7,17,32,20-20
34.0,84.5,38.9,Sandy,Rice,35,22,32,17-17-17
25.4,44.9,35.1,Sandy,Barley,27,21,37,17-17-17
19.8,42.2,38.4,Loamy,Sugarcane,37,26,1,14-35-14
36.2,56.6,26.8,Sandy,Rice,13,19,14,20-20
29.0,73.4,33.7,Laterite,Maize,43,12,34,28-28
25.6,59.8,43.8,Alluvial,Barley,2,18,33,20-20
37.1,75.8,26.6,Alluvial,Millets,45,2,14,Urea
29.8,40.5,27.4,Laterite,Wheat,3,15,13,20-20
25.1,83.6,37.7,Clayey,Cotton,28,10,2,20-20
23.8,69.5,50.7,Laterite,Wheat,9,35,32,10-26-26
26.5,47.8,57.6,Sandy,Wheat,31,31,15,20-20
37.1,56.6,50.9,Laterite,Sugarcane,20,5,42,20-20
36.0,62.9,41.4,Alluvial,Pulses,33,2,10,Urea
36.8,57.2,42.9,Clayey,Tobacco,25,25,30,17-17-17
33.7,45.5,29.7,Black,Barley,29,36,13,14-35-14
27.4,55.6,59.5,Alluvial,Millets,6,20,40,20-20
25.4,58.7,58.3,Red,Cotton,14,10,4,20-20
37.2,43.2,48.2,Sandy,Maize,45,2,43,28-28
28.7,42.8,33.3,Clayey,Tobacco,47,14,14,Urea
36.9,71.2,62.6,Loamy,Rice,30,15,10,20-20
24.5,49.0,50.4,Loamy,Pulses,38,7,25,20-20
19.8,70.0,36.3,Red,Barley,8,47,43,10-26-26
30.5,48.5,47.8,Sandy,Cotton,10,49,4,10-26-26
28.2,67.9,57.8,Loamy,Barley,0,17,21,20-20
26.7,51.5,29.8,Loamy,Sugarcane,27,11,15,20-20
31.2,42.0,58.5,Black,Cotton,26,16,48,20-20
26.6,59.9,27.6,Black,Sugarcane,49,22,25,17-17-17
26.3,59.1,53.1,Laterite,Groundnuts,18,28,37,20-20
25.9,53.4,51.3,Loamy,Millets,28,2,44,28-28
27.2,60.8,46.8,Loamy,Wheat,34,2,5,Urea
21.4,59.2,32.5,Alluvial,Sugarcane,37,20,42,20-20
29.1,72.3,60.9,Clayey,Groundnuts,38,29,6,14-35-14
25.3,77.3,41.0,Alluvial,Sugarcane,29,48,7,14-35-14
24.8,51.3,48.8,Laterite,Wheat,43,12,26,28-28
35.6,64.0,55.4,Clayey,Sugarcane,15,6,43,20-20
35.3,59.6,26.8,Loamy,Millets,27,6,34,28-28
20.9,71.2,60.7,Clayey,Maize,39,25,31,17-17-17
30.3,42.1,49.5,Loamy,Tobacco,21,1,20,20-20
32.6,41.9,25.4,Sandy,Barley,40,48,8,14-35-14
26.2,55.6,29.7,Alluvial,Millets,35,39,1,14-35-14
18.5,42.3,63.2,Red,Maize,7,45,27,10-26-26
20.2,62.9,43.6,Loamy,Sugarcane,41,39,26,17-17-17
32.6,69.9,30.2,Black,Pulses,26,39,16,20-20
29.6,50.4,26.9,Alluvial,Maize,40,33,33,17-17-17
21.0,74.5,27.7,Loamy,Wheat,37,0,34,28-28
24.8,62.6,43.5,Sandy,Cotton,33,30,17,20-20
21.4,57.2,59.9,Black,Tobacco,19,26,0,20-20
20.9,48.0,59.5,Laterite,Wheat,0,48,41,10-26-26
30.0,76.0,30.3,Loamy,Cotton,14,30,26,20-20
24.4,41.7,39.4,Loamy,Millets,3,42,46,10-26-26
22.9,72.8,41.8,Red,Groundnuts,47,48,0,14-35-14
29.6,42.9,42.4,Black,Tobacco,27,19,11,20-20
32.9,61.0,34.1,Clayey,Rice,43,1,1,Urea
30.1,71.0,36.3,Black,Rice,23,24,35,17-17-17
37.8,58.3,25.4,Clayey,Cotton,11,30,9,20-20
23.1,74.4,52.5,Loamy,Groundnuts,19,39,44,10-26-26
27.1,79.7,41.8,Loamy,Pulses,35,36,14,14-35-14
27.8,80.0,58.8,Sandy,Tobacco,9,3,25,20-20
20.0,58.7,37.2,Clayey,Groundnuts,6,42,8,10-26-26
23.8,52.0,55.5,Black,Wheat,32,5,45,28-28
25.3,44.5,51.9,Sandy,Maize,3,36,28,10-26-26
37.6,60.9,57.7,Alluvial,Cotton,14,47,33,10-26-26
33.7,53.3,46.8,Clayey,Cotton,33,2,38,28-28
29.1,71.7,41.7,Clayey,Rice,2,28,14,20-20
23.3,52.5,45.9,Sandy,Maize,39,3,13,Urea
24.1,80.7,59.8,Laterite,Cotton,38,24,27,17-17-17
31.4,41.4,30.3,Laterite,Pulses,9,5,15,20-20
22.3,84.9,42.3,Laterite,Tobacco,12,44,41,10-26-26
33.7,65.9,29.6,Loamy,Rice,35,14,27,28-28
28.8,80.0,52.0,Red,Sugarcane,26,29,9,14-35-14
32.5,71.0,63.7,Sandy,Cotton,20,42,47,20-20
28.9,42.4,40.9,Alluvial,Tobacco,13,20,21,20-20
35.7,70.4,38.6,Alluvial,Rice,21,45,31,17-17-17
27.8,62.6,49.8,Alluvial,Groundnuts,1,37,1,10-26-26
25.9,47.8,40.1,Red,Millets,6,28,35,20-20
35.1,70.9,25.7,Sandy,Millets,47,33,30,17-17-17
25.4,55.2,35.1,Alluvial,Maize,14,48,47,10-26-26
19.9,45.4,56.3,Laterite,Rice,31,3,41,28-28
29.9,71.9,58.3,Loamy,Maize,35,9,6,Urea
27.2,53.6,49.5,Loamy,Tobacco,4,3,18,20-20
37.1,48.1,54.0,Black,Groundnuts,44,47,13,14-35-14
29.3,78.7,57.9,Alluvial,Millets,7,46,31,10-26-26
24.7,45.5,28.4,Alluvial,Sugarcane,5,42,3,10-26-26
29.9,48.5,60.5,Red,Tobacco,45,6,30,28-28
23.7,75.2,31.1,Red,Rice,28,13,49,28-28
28.0,41.0,39.2,Laterite,Wheat,4,49,34,10-26-26
18.9,75.3,52.1,Clayey,Cotton,28,21,44,17-17-17
23.9,79.3,56.9,Loamy,Barley,17,48,41,10-26-26
36.5,45.8,37.7,Loamy,Groundnuts,33,12,26,28-28
30.7,82.2,30.1,Red,Cotton,29,34,20,20-20
22.8,49.3,63.8,Laterite,Groundnuts,34,23,21,17-17-17
18.7,81.3,30.6,Clayey,Millets,39,24,32,17-17-17
30.0,65.8,43.3,Loamy,Cotton,17,32,31,10-26-26
26.4,81.8,61.4,Laterite,Cotton,10,0,5,20-20
33.4,77.6,29.9,Clayey,Pulses,7,42,39,10-26-26
20.0,55.9,41.1,Black,Barley,49,18,9,20-20
35.8,67.4,63.0,Sandy,Maize,9,40,26,10-26-26
30.6,75.8,56.3,Laterite,Sugarcane,25,35,37,17-17-17
31.8,41.0,38.5,Alluvial,Cotton,40,0,26,28-28
25.9,58.7,31.9,Alluvial,Pulses,16,33,2,10-26-26
19.6,79.9,32.9,Alluvial,Barley,29,20,19,20-20
19.2,72.8,38.2,Clayey,Pulses,43,36,25,17-17-17
35.3,79.8,26.8,Laterite,Sugarcane,28,18,30,20-20
36.0,44.0,30.3,Loamy,Cotton,48,21,6,14-35-14
31.2,55.0,40.3,Loamy,Tobacco,3,22,17,20-20
21.9,40.7,46.5,Black,Rice,33,10,47,28-28
26.1,43.4,52.8,Sandy,Pulses,28,3,36,28-28
35.3,62.2,47.9,Black,Tobacco,17,30,26,20-20
20.1,72.0,33.4,Alluvial,Tobacco,20,17,20,20-20
32.2,68.1,50.8,Red,Sugarcane,12,18,26,20-20
24.2,84.7,26.5,Alluvial,Rice,20,14,21,20-20
22.9,45.1,46.3,Loamy,Maize,44,3,31,28-28
29.7,82.1,59.7,Alluvial,Sugarcane,46,1,5,Urea
31.9,45.0,47.6,Laterite,Pulses,7,24,38,20-20
32.1,80.2,63.2,Alluvial,Wheat,42,15,4,20-20
21.0,40.8,59.8,Clayey,Tobacco,4,25,47,20-20
22.4,53.7,64.0,Laterite,Groundnuts,27,36,43,17-17-17
35.4,66.1,42.2,Laterite,Barley,43,44,8,14-35-14
31.4,73.0,48.5,Alluvial,Rice,32,31,43,17-17-17
20.7,57.8,32.1,Black,Tobacco,29,22,39,17-17-17
37.9,45.2,54.0,Sandy,Barley,28,34,35,17-17-17
37.3,82.3,32.8,Clayey,Cotton,47,1,7,Urea
22.4,74.0,37.4,Alluvial,Barley,47,26,37,17-17-17
21.8,76.3,30.2,Loamy,Cotton,39,45,6,14-35-14
18.8,60.4,57.0,Clayey,Millets,41,45,17,20-20
32.8,79.2,50.4,Loamy,Tobacco,45,12,17,20-20
29.9,79.9,51.8,Black,Pulses,47,19,39,20-20
24.3,83.8,36.5,Clayey,Wheat,47,31,46,17-17-17
29.3,45.4,46.3,Laterite,Tobacco,27,5,10,20-20
36.2,40.7,57.4,Alluvial,Barley,12,31,32,10-26-26
19.6,40.9,50.1,Red,Barley,29,19,25,20-20
24.6,68.1,58.0,Alluvial,Wheat,43,32,0,14-35-14
35.1,62.1,33.7,Black,Rice,12,6,3,20-20
37.2,83.1,42.7,Loamy,Pulses,41,26,33,17-17-17
26.9,42.9,56.8,Loamy,Sugarcane,20,2,12,20-20
29.2,76.8,52.7,Laterite,Cotton,42,36,9,14-35-14
37.1,84.8,54.2,Loamy,Tobacco,46,29,36,17-17-17
22.1,81.4,61.6,Red,Sugarcane,43,36,26,17-17-17
32.7,70.9,37.7,Black,Millets,3,29,29,20-20
18.1,40.9,43.6,Loamy,Tobacco,23,34,17,20-20
34.3,70.9,42.6,Alluvial,Pulses,26,4,47,28-28
26.3,44.2,44.4,Black,Cotton,21,31,11,14-35-14
35.2,81.6,58.1,Sandy,Rice,39,13,12,Urea
21.1,70.8,25.8,Sandy,Barley,45,33,34,17-17-17
24.6,44.0,53.2,Laterite,Wheat,30,11,1,20-20
20.7,66.5,60.9,Sandy,Sugarcane,20,43,23,20-20
26.9,51.1,52.2,Alluvial,Barley,30,3,24,20-20
26.6,58.1,26.1,Red,Wheat,19,20,28,20-20
20.8,40.2,46.3,Laterite,Pulses,7,27,20,20-20
32.5,58.5,25.8,Clayey,Millets,38,10,4,Urea
26.1,41.4,63.7,Sandy,Maize,38,29,49,17-17-17
28.8,80.2,52.2,Alluvial,Groundnuts,0,25,14,20-20
20.5,80.7,46.0,Alluvial,Wheat,30,42,12,14-35-14
34.4,50.1,60.0,Clayey,Rice,0,8,42,DAP
36.2,81.2,38.2,Red,Millets,17,28,15,20-20
31.4,41.2,40.1,Red,Groundnuts,21,49,2,14-35-14
18.6,83.1,33.7,Clayey,Rice,37,26,47,17-17-17
29.1,49.3,49.9,Clayey,Wheat,38,42,31,17-17-17
19.9,57.8,64.3,Clayey,Wheat,9,39,46,10-26-26
31.0,74.1,55.0,Red,Maize,45,32,10,14-35-14
18.3,65.9,33.5,Black,Cotton,34,34,1,14-35-14
36.6,59.3,38.3,Red,Pulses,17,6,37,20-20
27.3,58.7,31.0,Clayey,Rice,8,22,34,20-20
29.0,41.1,55.6,Clayey,Cotton,41,6,16,20-20
24.9,49.1,57.3,Loamy,Rice,27,32,18,20-20
30.2,64.7,35.9,Sandy,Sugarcane,5,34,41,10-26-26
21.7,48.0,59.9,Sandy,Maize,35,30,25,17-17-17
23.2,84.1,56.9,Black,Sugarcane,14,35,33,10-26-26
26.5,48.4,29.4,Red,Rice,46,38,35,17-17-17
37.9,43.4,43.9,Clayey,Millets,26,13,9,20-20
24.0,77.1,31.2,Clayey,Cotton,38,17,23,20-20
23.4,84.5,51.8,Laterite,Wheat,33,3,21,20-20
22.6,79.5,58.4,Black,Pulses,27,44,9,14-35-14
35.0,67.1,63.4,Black,Rice,17,20,20,20-20
31.0,41.3,25.6,Red,Rice,16,31,8,10-26-26
26.5,81.5,27.9,Alluvial,Groundnuts,26,8,7,20-20
33.7,77.7,48.3,Loamy,Maize,49,6,32,28-28
22.6,55.5,49.6,Clayey,Wheat,15,24,4,20-20
20.1,43.4,38.9,Clayey,Groundnuts,47,25,40,17-17-17
30.1,61.8,29.2,Black,Wheat,3,21,20,20-20
26.3,43.3,53.6,Sandy,Wheat,28,32,22,17-17-17
19.2,80.8,32.6,Laterite,Millets,5,21,48,20-20
24.2,60.2,57.2,Sandy,Rice,30,44,36,17-17-17
24.3,75.7,30.2,Red,Tobacco,27,16,39,20-20
36.0,66.2,39.1,Loamy,Millets,48,6,30,28-28
28.4,78.8,44.7,Red,Tobacco,45,46,49,17-17-17
29.0,54.9,31.8,Alluvial,Tobacco,5,0,17,20-20
25.6,61.0,43.7,Red,Barley,39,24,16,20-20
22.6,47.9,37.9,Laterite,Pulses,24,10,28,20-20
30.4,63.8,55.5,Clayey,Cotton,35,6,9,Urea
31.5,46.0,60.2,Clayey,Cotton,5,38,0,10-26-26
37.4,70.1,56.1,Red,Rice,38,44,20,20-20
24.3,65.2,46.3,Clayey,Rice,43,11,24,20-20
22.8,59.7,54.6,Sandy,Rice,28,0,11,20-20
25.3,67.5,29.8,Black,Rice,21,25,25,17-17-17
37.2,41.8,28.1,Sandy,Pulses,13,6,32,DAP
31.4,57.5,44.5,Alluvial,Barley,14,35,34,10-26-26
37.7,49.6,48.9,Clayey,Cotton,5,45,29,10-26-26
26.5,58.5,64.5,Alluvial,Wheat,41,2,41,28-28
32.0,62.3,42.2,Black,Barley,11,4,23,20-20
29.8,55.5,50.0,Red,Barley,43,26,33,17-17-17
26.5,70.1,25.7,Alluvial,Cotton,21,6,41,20-20
24.3,70.8,33.6,Clayey,Groundnuts,2,9,22,20-20
37.4,59.4,63.8,Loamy,Sugarcane,1,7,21,20-20
23.5,66.0,53.0,Laterite,Millets,28,32,22,17-17-17
35.6,83.0,38.7,Loamy,Cotton,27,38,0,14-35-14
22.0,83.8,39.0,Loamy,Maize,22,0,18,20-20
27.3,76.5,31.2,Loamy,Rice,27,40,36,17-17-17
31.1,78.5,35.1,Black,Pulses,41,6,33,28-28
34.2,74.8,30.8,Black,Cotton,7,29,25,20-20
30.7,42.3,49.3,Laterite,Pulses,14,23,33,20-20
26.4,74.4,63.2,Alluvial,Rice,4,20,34,20-20
21.3,82.1,59.7,Alluvial,Cotton,34,32,5,14-35-14
24.3,65.8,45.0,Loamy,Sugarcane,5,23,1,20-20
18.3,77.1,60.2,Alluvial,Barley,47,0,7,Urea
36.8,69.9,59.9,Red,Tobacco,6,46,11,10-26-26
18.1,51.7,46.5,Alluvial,Barley,16,0,34,20-20
38.0,43.2,26.7,Black,Maize,4,42,18,10-26-26
20.5,65.4,35.8,Sandy,Millets,11,48,17,10-26-26
35.1,72.2,52.6,Red,Wheat,28,4,44,28-28
23.3,65.7,42.7,Sandy,Pulses,32,10,22,20-20
19.0,79.9,47.5,Loamy,Barley,46,47,35,17-17-17
24.1,51.9,30.2,Black,Barley,3,12,22,20-20
20.4,40.3,45.3,Loamy,Rice,11,49,36,10-26-26
33.8,61.1,47.7,Black,Cotton,49,19,31,20-20
19.7,72.8,59.8,Clayey,Cotton,28,26,46,17-17-17
37.8,75.0,36.8,Red,Sugarcane,5,0,25,20-20
29.0,67.2,53.2,Loamy,Wheat,28,17,30,20-20
28.9,58.0,42.2,Red,Pulses,7,14,14,20-20
35.1,49.9,27.6,Loamy,Maize,15,29,2,20-20
19.3,50.2,56.7,Black,Millets,19,33,33,10-26-26
36.3,53.5,50.1,Loamy,Groundnuts,13,43,46,10-26-26
21.7,69.5,40.0,Laterite,Millets,29,42,46,17-17-17
19.6,58.1,40.0,Sandy,Groundnuts,36,10,38,28-28
19.4,79.3,50.3,Sandy,Millets,32,13,46,28-28
26.1,40.7,48.7,Red,Wheat,30,20,29,20-20
21.8,69.4,27.1,Alluvial,Millets,15,12,29,20-20
21.9,64.2,59.0,Sandy,Cotton,19,44,19,10-26-26
26.5,82.6,33.7,Red,Millets,29,36,25,17-17-17
27.4,40.9,54.3,Alluvial,Sugarcane,8,19,20,20-20
30.7,66.2,56.4,Clayey,Tobacco,26,18,29,20-20
23.0,70.5,61.1,Clayey,Maize,27,29,13,14-35-14
19.2,66.2,30.2,Clayey,Tobacco,48,7,7,Urea
21.2,56.6,28.9,Loamy,Wheat,18,36,25,10-26-26
33.1,77.0,33.7,Loamy,Pulses,31,7,4,Urea
37.0,72.3,60.3,Red,Barley,41,25,30,17-17-17
27.9,52.4,43.9,Black,Maize,15,2,32,20-20
25.8,76.9,43.0,Laterite,Groundnuts,16,32,16,10-26-26
33.5,46.8,32.0,Clayey,Cotton,29,21,7,14-35-14
36.2,69.2,28.3,Laterite,Pulses,20,23,38,20-20
32.7,78.7,62.6,Laterite,Pulses,34,41,35,17-17-17
18.8,61.6,49.0,Clayey,Cotton,36,18,37,20-20
18.6,42.9,46.5,Black,Barley,43,29,36,17-17-17
34.9,52.8,53.6,Loamy,Tobacco,8,41,41,10-26-26
33.3,84.6,38.8,Laterite,Maize,20,49,23,20-20
31.9,81.3,40.8,Sandy,Maize,32,17,30,20-20
32.7,40.4,46.6,Laterite,Wheat,33,45,2,14-35-14
31.1,60.1,38.9,Sandy,Millets,42,28,48,17-17-17
22.4,67.1,47.3,Alluvial,Tobacco,36,1,3,Urea
21.0,79.7,31.7,Clayey,Wheat,45,47,34,17-17-17
22.2,63.5,61.9,Loamy,Millets,31,26,21,17-17-17
32.7,63.2,57.6,Clayey,Wheat,33,8,35,28-28
23.7,73.0,29.3,Black,Cotton,41,32,7,14-35-14
20.8,79.5,32.2,Clayey,Tobacco,39,27,26,17-17-17
21.4,69.8,47.0,Loamy,Groundnuts,41,28,16,20-20
32.2,42.6,47.4,Laterite,Rice,40,3,4,Urea
28.1,73.0,29.8,Alluvial,Pulses,16,1,9,20-20
25.8,65.2,52.4,Red,Barley,40,1,18,20-20
32.7,82.8,28.3,Black,Wheat,26,6,23,20-20
27.8,48.4,60.8,Clayey,Groundnuts,41,7,29,28-28
24.4,40.9,29.4,Clayey,Barley,24,32,46,17-17-17
19.1,69.5,58.5,Red,Cotton,13,7,28,20-20
21.0,67.9,41.8,Alluvial,Maize,31,18,23,20-20
24.2,47.3,57.9,Alluvial,Cotton,16,28,2,20-20
24.9,48.7,32.9,Clayey,Groundnuts,41,29,4,14-35-14
27.6,70.6,60.9,Loamy,Millets,19,3,22,20-20
25.8,71.1,52.8,Sandy,Sugarcane,18,33,49,10-26-26
21.5,75.6,63.2,Sandy,Groundnuts,32,0,12,Urea
26.7,65.1,27.3,Laterite,Millets,44,36,13,14-35-14
34.5,50.7,37.9,Clayey,Tobacco,26,39,37,17-17-17
24.0,42.5,25.1,Loamy,Maize,35,45,4,14-35-14
22.0,58.6,49.6,Alluvial,Cotton,47,45,16,20-20
36.7,48.8,55.6,Laterite,Cotton,49,3,5,Urea
36.9,43.5,50.0,Loamy,Tobacco,43,27,2,14-35-14
26.0,48.7,35.8,Clayey,Wheat,9,14,48,DAP
37.4,75.4,46.7,Alluvial,Wheat,0,30,6,20-20
28.3,50.1,41.4,Laterite,Maize,27,2,48,28-28
29.3,53.1,29.7,Loamy,Groundnuts,16,21,17,20-20
28.4,58.0,45.9,Sandy,Barley,7,28,20,20-20
34.6,59.1,27.5,Red,Sugarcane,32,25,32,17-17-17
36.1,68.1,37.1,Alluvial,Sugarcane,15,7,3,20-20
29.1,62.0,29.6,Clayey,Maize,9,30,8,20-20
33.7,69.7,45.7,Clayey,Maize,27,47,37,17-17-17
27.9,79.3,60.5,Laterite,Maize,9,36,20,10-26-26
18.8,78.2,59.6,Clayey,Millets,4,41,24,10-26-26
33.7,80.1,47.1,Black,Pulses,11,9,8,20-20
35.0,62.5,40.5,Alluvial,Tobacco,18,37,42,10-26-26
31.6,69.1,53.5,Loamy,Groundnuts,1,43,22,10-26-26
26.8,63.4,50.3,Clayey,Cotton,23,24,16,20-20
29.1,43.3,36.4,Loamy,Millets,4,41,43,10-26-26
36.0,71.7,56.9,Sandy,Barley,24,43,37,17-17-17
28.6,49.7,60.4,Red,Pulses,12,5,35,DAP
24.2,60.0,29.8,Sandy,Groundnuts,14,41,48,10-26-26
28.7,60.4,64.1,Laterite,Millets,15,36,31,10-26-26
19.2,50.7,42.0,Laterite,Maize,2,38,45,10-26-26
20.3,79.1,30.2,Alluvial,Rice,20,31,44,20-20
19.2,41.6,31.7,Clayey,Groundnuts,29,33,30,17-17-17
19.3,60.0,59.0,Laterite,Wheat,14,22,37,20-20
18.1,60.9,26.0,Black,Cotton,9,26,13,20-20
20.2,81.4,62.4,Clayey,Groundnuts,18,41,23,10-26-26
25.3,41.9,64.0,Laterite,Cotton,49,19,2,20-20
22.7,79.5,57.8,Black,Tobacco,24,47,41,17-17-17
29.3,68.7,54.6,Alluvial,Barley,12,20,43,20-20
33.3,83.2,36.0,Alluvial,Pulses,19,30,36,20-20
37.1,70.4,47.0,Black,Tobacco,21,17,43,20-20
20.3,70.6,35.4,Black,Tobacco,37,48,38,17-17-17
23.2,73.9,39.6,Loamy,Pulses,17,3,32,20-20
30.8,82.9,58.6,Red,Millets,4,0,11,20-20
21.0,69.6,31.0,Black,Pulses,39,21,2,14-35-14
29.7,52.4,26.3,Red,Tobacco,35,40,20,20-20
23.8,48.7,64.0,Black,Groundnuts,25,17,20,20-20
25.6,62.8,35.7,Red,Groundnuts,48,49,23,17-17-17
30.5,76.8,51.1,Sandy,Cotton,29,6,7,20-20
35.1,79.7,36.9,Red,Tobacco,13,49,2,10-26-26
26.0,48.7,39.2,Clayey,Groundnuts,12,34,26,10-26-26
21.3,42.5,38.2,Black,Barley,2,3,44,DAP
34.5,74.5,40.0,Black,Maize,41,37,0,14-35-14
37.4,47.8,33.9,Red,Wheat,28,45,2,14-35-14
29.6,63.5,38.2,Alluvial,Barley,35,39,9,14-35-14
36.6,46.6,52.7,Red,Millets,14,46,8,10-26-26
18.4,47.7,47.6,Clayey,Rice,22,22,11,14-35-14
25.5,65.8,26.1,Clayey,Sugarcane,4,32,30,10-26-26
36.8,40.2,60.4,Laterite,Groundnuts,44,38,7,14-35-14
25.6,44.1,29.5,Clayey,Rice,33,47,22,17-17-17
34.3,53.5,42.4,Loamy,Rice,37,49,9,14-35-14
20.5,81.2,30.6,Clayey,Tobacco,47,6,39,28-28
28.9,76.2,46.5,Black,Wheat,30,27,1,14-35-14
29.2,69.7,58.3,Sandy,Tobacco,23,4,28,20-20
29.1,83.2,32.5,Red,Wheat,21,48,8,14-35-14
36.6,55.1,27.7,Black,Barley,48,27,2,14-35-14
37.2,77.7,39.6,Clayey,Groundnuts,46,5,43,28-28
24.3,83.5,31.1,Alluvial,Rice,2,16,36,20-20
28.2,65.0,58.0,Sandy,Millets,25,38,46,17-17-17
22.4,69.3,61.2,Laterite,Wheat,19,26,25,20-20
21.8,81.7,26.3,Alluvial,Pulses,33,18,40,20-20
33.2,71.3,34.6,Black,Groundnuts,9,49,9,10-26-26
26.8,50.5,41.5,Alluvial,Tobacco,2,11,41,DAP
35.0,67.1,30.8,Loamy,Maize,29,26,8,14-35-14
36.6,50.7,52.7,Black,Tobacco,49,30,11,14-35-14
28.6,40.4,38.5,Alluvial,Rice,1,4,39,DAP
30.7,45.5,35.9,Clayey,Millets,6,7,7,20-20
23.9,49.5,35.6,Red,Millets,27,49,37,17-17-17
21.7,73.6,38.0,Loamy,Barley,7,3,33,DAP
31.7,48.4,46.7,Red,Groundnuts,45,29,29,17-17-17
20.8,58.8,59.0,Alluvial,Maize,10,49,9,10-26-26
26.4,78.4,55.9,Laterite,Cotton,12,19,25,20-20
29.2,83.1,60.2,Laterite,Sugarcane,23,0,14,20-20
28.7,45.1,47.0,Black,Groundnuts,25,40,13,14-35-14
25.6,77.7,37.5,Alluvial,Barley,9,37,24,10-26-26
34.7,67.7,50.4,Alluvial,Groundnuts,3,1,29,20-20
24.1,60.7,32.5,Sandy,Cotton,3,25,0,20-20
22.0,61.6,60.5,Red,Barley,47,41,47,17-17-17
29.4,60.1,51.4,Red,Pulses,34,2,37,28-28
24.5,83.2,32.3,Red,Pulses,6,39,18,10-26-26
21.7,80.2,62.6,Alluvial,Tobacco,47,40,28,17-17-17
25.1,77.5,26.8,Clayey,Tobacco,40,7,8,Urea
29.1,53.3,32.9,Red,Tobacco,35,13,17,20-20
36.7,78.4,29.1,Sandy,Maize,14,4,19,20-20
35.5,53.4,35.3,Black,Millets,36,27,44,17-17-17
18.6,80.3,51.1,Black,Maize,47,39,37,17-17-17
28.7,75.4,47.2,Sandy,Millets,48,14,7,Urea
21.6,76.6,62.6,Alluvial,Pulses,48,17,33,20-20
26.6,60.1,37.3,Black,Tobacco,47,26,41,17-17-17
19.3,54.9,34.2,Black,Sugarcane,32,44,11,14-35-14
29.0,61.6,26.8,Alluvial,Wheat,9,14,11,20-20
27.4,52.0,38.8,Laterite,Cotton,46,38,16,20-20
25.1,82.8,50.5,Laterite,Groundnuts,35,32,4,14-35-14
36.3,60.7,28.1,Sandy,Rice,4,40,25,10-26-26
36.7,49.9,58.5,Sandy,Wheat,3,49,26,10-26-26
24.9,74.8,35.5,Black,Sugarcane,9,39,21,10-26-26
23.8,63.4,40.7,Loamy,Pulses,32,26,44,17-17-17
23.9,74.6,40.8,Black,Barley,17,4,41,20-20
18.2,74.1,50.0,Clayey,Pulses,17,14,13,20-20
21.8,75.3,48.8,Black,Tobacco,38,31,42,17-17-17
32.1,64.5,46.0,Loamy,Maize,32,7,39,28-28
21.7,56.2,55.1,Red,Wheat,46,16,23,20-20
26.9,42.3,37.0,Black,Maize,45,12,10,Urea
25.7,62.7,32.6,Loamy,Pulses,27,17,35,20-20
35.3,71.3,25.3,Black,Groundnuts,49,13,5,Urea
37.8,63.9,52.3,Alluvial,Wheat,18,6,8,20-20
23.3,60.0,53.5,Black,Sugarcane,24,11,48,20-20
34.3,81.7,53.1,Black,Groundnuts,40,3,39,28-28
36.6,64.8,56.9,Clayey,Maize,38,37,43,17-17-17
36.9,73.6,54.2,Laterite,Maize,29,30,24,17-17-17
37.3,83.8,26.6,Red,Maize,15,37,9,10-26-26
29.2,78.8,58.2,Sandy,Tobacco,18,11,18,20-20
20.6,83.6,64.4,Laterite,Pulses,29,16,4,20-20
34.0,77.5,37.2,Red,Maize,5,15,49,20-20
35.8,49.9,52.1,Red,Maize,36,22,47,17-17-17
36.0,55.7,29.5,Red,Rice,27,32,17,20-20
19.1,46.4,48.9,Alluvial,Groundnuts,18,27,27,20-20
19.3,56.0,49.0,Black,Barley,25,10,43,20-20
37.1,50.4,35.1,Loamy,Millets,37,43,10,14-35-14
30.2,52.9,51.1,Red,Tobacco,11,2,39,DAP
26.0,68.7,60.4,Laterite,Maize,45,19,33,20-20
23.9,41.0,62.8,Clayey,Maize,40,10,47,28-28
22.7,59.0,61.8,Clayey,Millets,22,40,0,14-35-14
31.7,67.3,39.4,Clayey,Cotton,9,37,28,10-26-26
36.2,49.0,54.7,Alluvial,Rice,44,20,30,20-20
22.6,59.0,47.3,Clayey,Wheat,44,20,49,20-20
37.8,56.9,35.1,Laterite,Rice,38,48,40,17-17-17
30.0,60.4,41.3,Laterite,Tobacco,25,23,23,17-17-17
38.0,48.2,29.8,Laterite,Barley,20,47,30,20-20
35.0,73.8,43.0,Laterite,Barley,25,4,28,20-20
29.1,69.0,49.5,Loamy,Groundnuts,1,15,43,20-20
31.5,83.6,30.8,Black,Wheat,36,48,9,14-35-14
29.1,72.6,40.3,Laterite,Pulses,22,30,26,17-17-17
21.6,40.7,33.4,Alluvial,Millets,9,33,43,10-26-26
19.4,73.5,55.3,Loamy,Tobacco,6,8,6,20-20
23.7,83.8,47.3,Clayey,Wheat,27,13,44,28-28
24.3,82.4,59.0,Red,Pulses,18,17,38,20-20
21.6,65.8,64.4,Black,Sugarcane,46,25,7,14-35-14
18.8,74.3,31.7,Alluvial,Pulses,41,30,33,17-17-17
23.8,50.2,30.2,Clayey,Groundnuts,42,27,4,14-35-14
28.0,61.4,29.4,Red,Rice,14,21,22,20-20
33.9,58.6,31.1,Loamy,Pulses,29,8,44,28-28
22.2,65.1,56.5,Red,Rice,17,17,26,20-20
33.0,50.0,33.8,Alluvial,Tobacco,35,45,20,20-20
21.8,49.5,38.6,Clayey,Sugarcane,45,16,34,20-20
26.5,46.1,41.6,Sandy,Tobacco,23,42,1,14-35-14
19.6,69.6,51.2,Loamy,Maize,31,41,6,14-35-14
27.0,78.7,30.2,Laterite,Groundnuts,42,33,17,20-20
33.3,54.3,30.8,Red,Maize,49,15,0,20-20
34.4,74.9,62.5,Loamy,Tobacco,33,24,16,20-20
27.8,43.9,48.7,Black,Barley,4,6,11,20-20
35.9,51.6,34.6,Laterite,Rice,42,12,49,28-28
33.8,71.4,64.8,Laterite,Rice,41,17,23,20-20
23.2,50.0,53.4,Clayey,Maize,36,0,26,28-28
19.0,77.7,62.5,Red,Sugarcane,1,14,47,DAP
29.6,80.9,57.3,Laterite,Maize,34,24,36,17-17-17
27.5,75.9,30.1,Loamy,Groundnuts,13,47,28,10-26-26
23.5,80.9,43.6,Black,Groundnuts,18,40,29,10-26-26
23.2,62.0,51.1,Black,Groundnuts,46,29,31,17-17-17
30.8,82.4,33.5,Alluvial,Cotton,46,45,1,14-35-14
35.8,40.3,57.7,Clayey,Wheat,22,16,40,20-20
30.5,83.3,58.3,Alluvial,Rice,18,2,23,20-20
23.6,47.3,42.1,Loamy,Wheat,4,20,39,20-20
36.4,75.6,33.0,Alluvial,Wheat,20,32,40,20-20
23.7,62.9,45.4,Alluvial,Cotton,18,4,42,20-20
35.7,72.6,51.8,Black,Barley,4,12,11,20-20
28.4,69.5,46.1,Loamy,Groundnuts,44,10,0,Urea
31.4,82.8,44.4,Red,Tobacco,43,27,5,14-35-14
32.2,46.6,43.2,Sandy,Millets,8,19,9,20-20
34.8,53.1,62.2,Sandy,Tobacco,33,32,15,20-20
25.4,52.3,40.4,Loamy,Wheat,40,28,43,17-17-17
32.4,71.6,43.0,Sandy,Maize,2,24,1,20-20
22.6,78.2,30.6,Black,Wheat,48,40,34,17-17-17
34.1,73.1,62.0,Clayey,Sugarcane,47,47,30,17-17-17
24.9,73.6,50.0,Red,Groundnuts,37,47,31,17-17-17
34.6,66.6,39.3,Laterite,Sugarcane,15,38,24,10-26-26
24.2,79.3,38.5,Clayey,Maize,24,15,35,20-20
33.6,50.9,63.0,Black,Pulses,0,29,12,20-20
36.4,43.5,42.1,Black,Sugarcane,6,15,48,20-20
37.4,75.4,63.5,Red,Wheat,32,18,40,20-20
30.9,55.8,35.9,Alluvial,Sugarcane,32,24,19,20-20
33.4,72.5,63.6,Laterite,Tobacco,5,4,26,20-20
22.1,64.5,55.6,Black,Sugarcane,3,40,17,10-26-26
25.9,67.4,26.6,Black,Wheat,13,9,30,20-20
23.2,52.8,63.4,Sandy,Wheat,24,18,6,20-20
20.7,69.7,48.0,Loamy,Millets,27,14,37,28-28
35.2,59.1,61.6,Sandy,Cotton,25,9,24,20-20
36.2,62.6,35.8,Laterite,Barley,49,39,22,17-17-17
36.3,57.5,48.9,Alluvial,Tobacco,11,17,34,20-20
36.2,51.4,55.9,Sandy,Sugarcane,41,8,46,28-28
29.5,82.9,42.7,Clayey,Millets,33,37,45,17-17-17
25.0,49.8,48.4,Sandy,Sugarcane,41,45,22,17-17-17
19.3,44.5,41.8,Clayey,Rice,18,47,41,10-26-26
29.9,78.9,31.4,Clayey,Rice,33,32,36,17-17-17
21.1,68.2,27.9,Black,Pulses,2,3,14,20-20
30.7,70.3,52.2,Laterite,Groundnuts,36,32,44,17-17-17
22.5,78.1,44.7,Loamy,Rice,24,49,16,20-20
20.9,80.1,43.0,Clayey,Millets,6,44,39,10-26-26
24.5,75.9,33.4,Red,Maize,39,1,43,28-28
34.1,54.9,37.8,Black,Sugarcane,19,17,18,20-20
21.7,76.0,63.9,Clayey,Cotton,29,41,25,17-17-17
29.5,44.9,32.1,Sandy,Groundnuts,4,23,27,20-20
24.3,45.7,44.4,Black,Rice,10,12,11,20-20
26.7,58.3,39.8,Alluvial,Barley,1,11,3,20-20
32.5,40.7,36.6,Red,Tobacco,9,18,42,20-20
27.7,59.0,29.2,Laterite,Sugarcane,37,21,16,20-20
25.0,42.8,64.4,Sandy,Wheat,1,42,32,10-26-26
28.3,46.0,64.2,Sandy,Wheat,38,24,25,17-17-17
31.1,52.6,26.2,Loamy,Rice,16,13,13,20-20
32.1,53.9,37.6,Black,Rice,15,23,37,20-20
25.0,71.7,46.5,Red,Cotton,26,10,40,28-28
29.8,42.7,63.9,Clayey,Groundnuts,40,18,30,20-20
26.2,47.6,55.3,Red,Pulses,8,14,18,20-20
35.2,40.7,29.3,Black,Wheat,20,16,33,20-20
24.7,82.5,25.5,Alluvial,Maize,36,4,47,28-28
34.3,81.3,56.1,Loamy,Barley,8,25,43,20-20
34.6,41.8,64.8,Clayey,Pulses,3,39,42,10-26-26
24.9,65.3,42.3,Alluvial,Groundnuts,34,38,23,17-17-17
35.3,40.8,30.1,Sandy,Cotton,25,35,25,17-17-17
19.4,46.9,55.6,Red,Wheat,45,44,44,17-17-17
20.9,65.8,64.1,Loamy,Barley,25,11,13,20-20
23.3,58.2,53.1,Laterite,Maize,17,27,42,20-20
35.5,57.5,29.8,Alluvial,Groundnuts,45,18,2,20-20
35.2,64.8,41.4,Alluvial,Cotton,48,13,34,28-28
30.0,71.0,52.5,Alluvial,Millets,21,26,37,17-17-17
29.9,54.2,39.0,Alluvial,Sugarcane,8,41,18,10-26-26
34.8,79.7,43.6,Black,Cotton,3,11,14,20-20
22.9,44.3,42.6,Laterite,Groundnuts,12,6,18,20-20
26.5,80.1,42.2,Alluvial,Tobacco,28,46,11,14-35-14
24.0,82.7,31.1,Laterite,Barley,44,6,24,20-20
36.0,64.3,53.8,Loamy,Barley,22,6,42,20-20
24.1,62.5,41.9,Alluvial,Wheat,11,0,6,20-20
22.1,48.4,44.6,Laterite,Rice,40,3,16,20-20
18.6,46.3,47.8,Red,Cotton,33,14,23,20-20
33.6,51.0,55.7,Sandy,Rice,46,22,38,17-17-17
33.6,74.0,57.5,Alluvial,Tobacco,4,48,2,10-26-26
18.9,59.3,29.9,Black,Maize,17,1,15,20-20
21.7,49.2,34.5,Red,Barley,11,36,8,10-26-26
26.8,74.9,53.8,Black,Pulses,19,35,18,10-26-26
18.7,57.0,57.4,Black,Cotton,33,35,28,17-17-17
35.3,45.5,58.8,Red,Millets,23,26,30,17-17-17
32.8,59.8,60.5,Sandy,Maize,2,13,5,20-20
37.8,56.8,43.3,Clayey,Millets,13,19,47,20-20
36.9,84.4,26.8,Red,Millets,49,35,33,17-17-17
33.4,75.7,28.7,Loamy,Cotton,18,0,39,20-20
29.6,60.0,25.9,Sandy,Wheat,18,42,8,10-26-26
36.9,47.8,35.3,Laterite,Rice,34,31,30,17-17-17
33.2,63.5,62.0,Red,Sugarcane,31,1,44,28-28
27.1,62.2,32.5,Red,Wheat,18,6,39,20-20
24.8,66.9,62.0,Loamy,Sugarcane,8,29,48,20-20
24.1,40.4,58.3,Red,Pulses,6,19,6,20-20
28.5,81.7,26.3,Sandy,Pulses,47,3,38,28-28
36.0,66.7,33.3,Alluvial,Rice,10,17,42,20-20
19.6,70.6,41.3,Alluvial,Barley,11,28,40,20-20
30.3,68.3,54.4,Sandy,Millets,25,21,36,17-17-17
29.1,46.0,36.5,Black,Wheat,41,25,45,17-17-17
33.4,71.8,26.6,Loamy,Sugarcane,11,12,23,20-20
35.9,40.9,59.3,Black,Barley,29,49,40,17-17-17
25.1,57.6,57.2,Loamy,Wheat,12,41,35,10-26-26
37.7,77.1,64.8,Sandy,Groundnuts,18,14,45,20-20
30.8,47.7,59.4,Sandy,Rice,11,1,20,20-20
30.7,41.9,65.0,Alluvial,Sugarcane,7,8,33,DAP
18.8,84.3,38.6,Clayey,Millets,28,36,46,17-17-17
35.8,84.7,28.5,Clayey,Groundnuts,5,33,2,10-26-26
37.5,51.8,33.5,Black,Maize,16,31,33,10-26-26
26.2,43.3,41.2,Loamy,Maize,36,24,32,17-17-17
35.4,73.6,33.8,Sandy,Sugarcane,18,8,26,20-20
31.5,82.7,50.5,Sandy,Sugarcane,47,6,15,20-20
19.0,63.6,26.3,Sandy,Maize,7,6,0,20-20
37.8,54.5,58.7,Red,Millets,37,49,40,17-17-17
35.2,49.9,31.2,Black,Cotton,39,20,4,20-20
36.8,79.5,33.3,Clayey,Groundnuts,12,12,2,20-20
27.0,63.6,64.3,Red,Groundnuts,47,32,13,14-35-14
22.6,69.0,38.4,Black,Rice,44,46,36,17-17-17
27.5,78.1,38.4,Clayey,Millets,36,45,35,17-17-17
24.2,45.7,55.4,Red,Groundnuts,11,9,9,20-20
28.0,64.0,51.4,Laterite,Maize,23,41,20,20-20
24.9,48.4,38.9,Alluvial,Tobacco,34,40,6,14-35-14
26.2,48.3,62.7,Alluvial,Barley,3,37,28,10-26-26
37.7,63.5,30.6,Loamy,Groundnuts,17,12,17,20-20
20.2,68.8,64.6,Clayey,Groundnuts,35,31,16,20-20
29.8,44.0,54.4,Alluvial,Tobacco,44,9,39,28-28
31.5,69.6,33.5,Laterite,Millets,20,28,0,20-20
20.0,53.6,59.4,Clayey,Barley,8,16,30,20-20
37.3,66.0,45.9,Clayey,Millets,41,10,45,28-28
32.0,64.1,60.4,Laterite,Maize,26,12,11,20-20
24.3,66.4,52.2,Clayey,Barley,12,1,11,20-20
34.7,42.0,51.1,Clayey,Rice,40,37,31,17-17-17
24.3,63.1,34.8,Sandy,Millets,22,45,49,17-17-17
33.4,74.1,49.7,Sandy,Rice,9,20,7,20-20
30.3,77.0,46.9,Loamy,Sugarcane,31,46,15,20-20
24.9,80.5,53.9,Clayey,Pulses,13,42,15,10-26-26
22.3,84.3,58.7,Loamy,Cotton,0,43,34,10-26-26
27.8,58.2,31.8,Sandy,Cotton,32,35,15,20-20
25.8,62.4,60.0,Red,Groundnuts,3,46,0,10-26-26
18.7,48.4,55.6,Black,Tobacco,35,38,0,14-35-14
18.8,70.7,37.3,Black,Millets,9,13,13,20-20
24.9,74.3,63.2,Loamy,Millets,1,45,38,10-26-26
34.1,69.6,32.7,Clayey,Wheat,7,35,13,10-26-26
22.1,69.0,64.8,Loamy,Millets,9,8,13,20-20
36.3,62.8,46.7,Clayey,Groundnuts,48,25,10,14-35-14
26.2,42.4,47.0,Clayey,Wheat,28,33,9,14-35-14
26.8,43.0,63.3,Clayey,Barley,23,28,4,14-35-14
23.0,81.2,59.1,Black,Tobacco,45,41,24,17-17-17
28.7,65.0,29.3,Black,Millets,28,1,8,20-20
24.2,76.0,45.9,Loamy,Pulses,17,45,37,10-26-26
24.7,69.5,62.0,Alluvial,Maize,3,7,43,DAP
29.0,44.8,64.7,Clayey,Sugarcane,8,16,29,20-20
24.0,47.2,30.6,Laterite,Barley,15,36,25,10-26-26
29.4,79.8,25.7,Sandy,Millets,21,18,36,20-20
27.2,84.2,33.0,Red,Millets,45,36,38,17-17-17
26.2,70.6,64.1,Black,Pulses,27,16,1,20-20
37.2,83.6,50.0,Laterite,Cotton,40,7,23,20-20
33.5,73.3,46.5,Black,Wheat,42,8,4,Urea
21.8,64.3,34.0,Loamy,Cotton,8,15,6,20-20
32.6,83.4,57.4,Black,Millets,0,27,47,20-20
18.8,67.8,30.2,Sandy,Maize,21,23,15,20-20
27.7,62.6,34.6,Clayey,Cotton,39,38,12,14-35-14
18.3,63.5,38.4,Black,Barley,11,48,15,10-26-26
20.6,62.8,52.7,Clayey,Cotton,8,16,4,20-20
28.4,76.5,42.1,Black,Rice,12,29,19,20-20
21.5,55.2,34.0,Red,Tobacco,16,6,47,20-20
31.7,80.1,37.6,Black,Sugarcane,2,47,46,10-26-26
32.1,56.0,60.7,Red,Pulses,4,36,16,10-26-26
35.2,49.6,40.6,Alluvial,Millets,44,28,47,17-17-17
22.7,81.6,54.6,Black,Tobacco,29,22,18,20-20
26.3,57.3,54.5,Alluvial,Barley,32,18,39,20-20
36.6,70.9,26.4,Laterite,Cotton,24,3,24,20-20
36.8,62.2,28.4,Alluvial,Cotton,6,11,31,DAP
36.4,70.8,43.7,Laterite,Wheat,43,31,32,17-17-17
19.4,64.2,31.4,Clayey,Wheat,28,37,23,17-17-17
21.8,69.3,26.2,Laterite,Groundnuts,33,32,47,17-17-17
18.7,43.1,35.3,Clayey,Cotton,14,6,6,20-20
24.5,75.2,34.8,Sandy,Maize,16,12,19,20-20
36.1,81.4,46.4,Clayey,Barley,13,20,3,20-20
22.6,51.2,46.4,Clayey,Tobacco,28,13,24,20-20
19.4,82.5,55.9,Clayey,Maize,20,15,18,20-20
22.4,82.8,63.3,Red,Cotton,15,32,19,10-26-26
26.8,60.3,37.0,Sandy,Rice,35,3,29,28-28
24.6,66.6,53.6,Sandy,Millets,30,37,18,20-20
28.7,58.1,62.6,Laterite,Maize,39,4,40,28-28
26.6,55.0,41.5,Clayey,Sugarcane,20,0,19,20-20
33.1,72.8,38.9,Loamy,Millets,27,25,33,17-17-17
31.9,73.3,35.4,Sandy,Sugarcane,20,10,29,20-20
34.8,47.7,37.6,Alluvial,Cotton,23,7,6,20-20
36.8,66.1,34.5,Alluvial,Rice,45,37,0,14-35-14
29.3,42.0,56.9,Red,Sugarcane,33,27,23,17-17-17
22.0,81.4,42.7,Sandy,Groundnuts,22,31,13,14-35-14
29.3,62.7,33.1,Red,Wheat,32,35,18,20-20
27.4,79.0,59.0,Clayey,Wheat,26,10,48,28-28
36.1,71.4,39.8,Loamy,Rice,30,33,0,14-35-14
20.0,79.7,37.2,Black,Maize,29,31,3,14-35-14
36.3,58.3,52.1,Red,Tobacco,26,9,3,20-20
34.1,57.3,43.9,Alluvial,Millets,32,42,40,17-17-17
24.1,71.2,25.4,Black,Wheat,2,34,21,10-26-26
20.9,60.0,39.2,Alluvial,Sugarcane,5,20,35,20-20
32.9,47.8,26.3,Clayey,Wheat,15,6,2,20-20
18.3,44.9,39.5,Alluvial,Maize,4,27,20,20-20
33.1,71.3,44.5,Black,Maize,32,6,32,28-28
22.5,67.6,26.1,Laterite,Cotton,9,38,13,10-26-26
24.8,43.5,40.7,Black,Cotton,24,23,7,14-35-14
22.9,44.5,57.3,Clayey,Cotton,5,17,2,20-20
22.5,68.8,43.3,Black,Barley,20,14,23,20-20
18.5,61.0,27.3,Loamy,Sugarcane,34,22,25,17-17-17
28.5,45.8,44.0,Red,Tobacco,48,10,5,Urea
32.9,80.7,25.3,Clayey,Groundnuts,21,28,28,17-17-17
20.2,54.3,32.1,Black,Sugarcane,9,10,37,DAP
30.2,48.6,35.9,Black,Cotton,33,34,41,17-17-17
32.2,73.4,44.9,Loamy,Millets,45,33,13,14-35-14
33.4,45.0,26.1,Red,Barley,31,13,10,Urea
20.3,45.4,61.9,Black,Maize,47,7,26,28-28
32.2,74.3,62.5,Alluvial,Barley,30,5,36,28-28
30.9,56.8,54.7,Loamy,Pulses,40,13,46,28-28
30.0,51.6,38.3,Alluvial,Rice,30,29,7,14-35-14
24.0,47.2,26.9,Sandy,Maize,3,49,18,10-26-26
25.0,84.9,44.3,Clayey,Pulses,38,15,6,20-20
29.3,65.2,31.6,Loamy,Sugarcane,27,6,18,20-20
22.2,43.9,31.2,Alluvial,Tobacco,17,0,38,20-20
22.1,65.2,37.9,Loamy,Wheat,46,2,24,20-20
22.0,64.4,50.5,Sandy,Barley,3,38,49,10-26-26
30.3,84.8,32.1,Sandy,Cotton,24,11,24,20-20
35.6,52.7,57.2,Red,Cotton,15,30,9,20-20
26.1,79.0,62.6,Black,Cotton,14,6,8,20-20
19.0,46.6,39.0,Laterite,Tobacco,28,18,31,20-20
28.5,64.9,40.6,Red,Millets,39,7,19,20-20
25.5,66.0,42.5,Red,Tobacco,4,33,44,10-26-26
36.2,72.1,41.9,Red,Groundnuts,4,47,25,10-26-26
23.4,41.5,45.7,Red,Rice,22,32,12,14-35-14
36.5,75.2,32.2,Clayey,Sugarcane,8,2,25,20-20
28.0,69.4,58.5,Loamy,Cotton,15,43,24,10-26-26
19.5,73.2,56.8,Clayey,Pulses,37,19,41,20-20
25.2,73.9,40.0,Clayey,Wheat,5,27,16,20-20
25.1,48.0,36.8,Loamy,Maize,33,28,30,17-17-17
19.7,73.2,41.1,Black,Rice,22,0,8,20-20
25.9,80.2,58.9,Clayey,Sugarcane,14,28,35,20-20
37.3,55.7,58.3,Clayey,Cotton,15,35,15,10-26-26
25.6,69.4,28.0,Alluvial,Pulses,28,33,47,17-17-17
19.4,84.7,52.9,Black,Tobacco,46,41,42,17-17-17
34.8,41.0,34.3,Laterite,Rice,23,24,10,14-35-14
32.9,42.3,60.7,Alluvial,Millets,17,5,48,20-20
21.4,83.9,44.5,Clayey,Millets,33,16,24,20-20
36.3,61.0,38.0,Alluvial,Sugarcane,8,15,2,20-20
25.1,55.2,38.5,Loamy,Pulses,34,3,22,20-20
37.8,41.0,31.7,Clayey,Tobacco,41,1,18,20-20
27.8,69.0,61.7,Black,Rice,31,5,29,28-28
22.3,68.1,45.5,Alluvial,Groundnuts,14,35,22,10-26-26
19.6,77.9,25.4,Loamy,Pulses,33,5,46,28-28
33.6,46.6,43.9,Clayey,Sugarcane,39,29,47,17-17-17
30.9,57.9,41.9,Loamy,Sugarcane,49,35,2,14-35-14
35.8,54.5,25.5,Red,Cotton,15,10,8,20-20
34.6,72.3,26.3,Red,Groundnuts,47,20,36,20-20
34.5,53.1,57.3,Alluvial,Rice,46,26,12,14-35-14
28.6,70.8,49.9,Alluvial,Tobacco,32,10,1,Urea
36.6,51.3,54.4,Loamy,Tobacco,25,37,10,14-35-14
20.5,42.2,47.2,Loamy,Groundnuts,29,23,7,14-35-14
21.0,58.0,44.3,Red,Wheat,49,17,47,20-20
30.5,60.0,28.7,Red,Groundnuts,11,11,33,DAP
35.3,52.8,49.6,Laterite,Barley,2,22,37,20-20
26.9,42.7,56.9,Sandy,Pulses,27,45,15,20-20
21.2,63.1,48.9,Clayey,Cotton,47,33,40,17-17-17
24.2,59.7,39.4,Red,Groundnuts,31,39,9,14-35-14
28.0,48.7,44.1,Black,Rice,8,24,7,20-20
29.0,47.6,57.7,Sandy,Tobacco,43,46,22,17-17-17
25.3,67.5,61.4,Loamy,Tobacco,36,37,9,14-35-14
21.7,79.7,38.7,Clayey,Tobacco,27,40,12,14-35-14
25.7,44.3,32.6,Alluvial,Maize,7,8,41,DAP
24.9,70.9,44.9,Black,Barley,8,24,30,20-20
30.4,60.7,32.8,Laterite,Cotton,44,30,44,17-17-17
31.8,56.4,62.5,Loamy,Rice,9,28,48,20-20
22.6,65.1,56.5,Black,Barley,23,24,24,17-17-17
27.3,43.9,27.3,Laterite,Pulses,24,35,46,17-17-17
18.1,84.5,39.6,Red,Maize,17,34,45,10-26-26
22.6,57.7,35.7,Laterite,Rice,21,46,5,14-35-14
33.8,60.5,33.2,Laterite,Millets,21,35,47,17-17-17
28.7,66.8,41.6,Loamy,Sugarcane,45,19,45,20-20
25.4,82.5,53.2,Red,Millets,1,39,15,10-26-26
25.9,74.5,62.6,Clayey,Tobacco,9,11,0,20-20
32.8,75.9,33.1,Laterite,Rice,5,6,33,DAP
29.8,45.5,32.4,Clayey,Pulses,22,13,26,20-20
29.4,79.5,32.8,Loamy,Groundnuts,33,0,23,20-20
31.2,75.8,55.1,Red,Barley,41,5,40,28-28
30.7,78.7,64.3,Sandy,Rice,32,33,20,20-20
20.2,41.4,51.3,Laterite,Barley,34,46,13,14-35-14
26.5,45.7,36.9,Black,Pulses,1,26,47,20-20
24.8,83.5,48.8,Black,Maize,12,49,47,10-26-26
31.7,70.6,47.1,Black,Barley,20,37,49,20-20
35.4,53.9,46.9,Sandy,Pulses,4,9,6,20-20
28.6,52.3,62.1,Red,Tobacco,34,36,34,17-17-17
30.2,79.4,60.4,Sandy,Cotton,44,36,3,14-35-14
21.9,78.7,35.1,Sandy,Wheat,43,18,37,20-20
33.1,60.7,42.2,Alluvial,Tobacco,40,48,17,20-20
30.1,68.8,35.9,Loamy,Wheat,24,0,34,20-20
33.5,50.8,54.2,Alluvial,Sugarcane,8,3,4,20-20
27.6,53.1,48.9,Clayey,Rice,17,47,24,10-26-26
28.3,46.5,49.9,Laterite,Cotton,6,8,41,DAP
34.4,81.0,57.5,Clayey,Groundnuts,10,24,7,20-20
24.4,76.9,25.4,Black,Maize,30,5,10,20-20
33.8,81.9,29.7,Loamy,Groundnuts,40,37,34,17-17-17
31.6,63.9,28.3,Alluvial,Pulses,10,26,47,20-20
32.2,68.0,44.8,Black,Barley,33,47,32,17-17-17
26.6,58.8,26.8,Black,Groundnuts,42,4,7,Urea
18.7,75.7,48.8,Alluvial,Cotton,23,16,7,20-20
25.2,73.2,41.1,Laterite,Maize,29,45,24,17-17-17
27.6,72.5,40.7,Loamy,Pulses,39,25,35,17-17-17
25.2,57.3,44.0,Black,Tobacco,49,36,14,14-35-14
33.0,55.3,42.1,Sandy,Groundnuts,13,29,9,20-20
31.3,61.2,56.2,Loamy,Cotton,20,19,8,20-20
22.4,43.9,41.7,Black,Wheat,10,2,7,20-20
21.1,84.4,51.2,Clayey,Wheat,10,16,15,20-20
19.3,46.1,32.2,Alluvial,Tobacco,10,45,11,10-26-26
27.1,43.8,55.9,Sandy,Sugarcane,25,29,32,17-17-17
31.0,81.3,50.7,Loamy,Barley,21,47,13,14-35-14
23.1,57.6,50.8,Black,Maize,27,6,8,20-20
23.1,79.6,46.9,Black,Barley,31,2,28,28-28
35.4,71.3,34.8,Red,Barley,19,16,28,20-20
29.4,60.3,42.4,Alluvial,Tobacco,11,15,11,20-20
22.7,45.1,27.1,Clayey,Pulses,46,3,15,20-20
31.6,72.1,62.4,Alluvial,Rice,26,18,41,20-20
31.0,78.8,30.3,Black,Pulses,43,23,35,17-17-17
23.2,43.3,54.2,Sandy,Cotton,9,20,0,20-20
34.1,65.4,61.1,Loamy,Barley,22,46,12,14-35-14
22.3,60.8,49.2,Laterite,Wheat,40,42,2,14-35-14
21.0,60.0,32.1,Alluvial,Tobacco,1,38,1,10-26-26
22.6,53.1,59.0,Loamy,Pulses,23,43,12,14-35-14
19.7,84.3,48.5,Alluvial,Wheat,47,19,48,20-20
37.5,62.8,26.8,Clayey,Cotton,31,13,5,Urea
27.2,47.3,58.2,Clayey,Groundnuts,11,9,7,20-20
25.1,68.3,60.4,Black,Cotton,18,38,16,10-26-26
23.7,55.7,44.7,Red,Rice,33,45,26,17-17-17
24.9,65.3,48.7,Sandy,Rice,46,4,36,28-28
31.6,80.1,26.6,Black,Sugarcane,8,27,26,20-20
25.4,68.2,44.6,Black,Tobacco,31,48,28,17-17-17
22.1,51.1,62.3,Loamy,Maize,19,30,35,20-20
26.2,51.8,48.0,Laterite,Groundnuts,35,5,0,Urea
36.6,50.7,42.0,Sandy,Barley,28,44,36,17-17-17
18.8,84.5,26.9,Black,Pulses,11,41,3,10-26-26
20.7,51.5,63.9,Red,Tobacco,19,33,40,10-26-26
26.7,52.3,48.6,Laterite,Wheat,41,49,31,17-17-17
22.8,70.6,44.7,Clayey,Groundnuts,45,12,38,28-28
24.4,46.8,57.4,Red,Sugarcane,39,3,1,Urea
19.2,65.0,56.7,Laterite,Maize,41,29,33,17-17-17
25.2,64.5,44.5,Laterite,Sugarcane,26,21,47,17-17-17
25.7,41.5,41.1,Laterite,Maize,41,7,36,28-28
34.7,48.0,31.4,Sandy,Groundnuts,37,36,16,20-20
37.1,73.5,47.7,Alluvial,Millets,21,21,6,14-35-14
28.4,63.4,27.9,Clayey,Sugarcane,20,29,49,20-20
18.2,65.8,53.7,Black,Tobacco,36,2,6,Urea
37.2,50.2,54.0,Alluvial,Cotton,36,1,30,28-28
25.6,42.0,38.4,Black,Groundnuts,45,31,0,14-35-14
34.7,68.0,26.5,Sandy,Pulses,37,1,38,28-28
34.2,62.7,53.1,Clayey,Tobacco,37,2,42,28-28
37.2,43.0,42.2,Clayey,Sugarcane,35,47,27,17-17-17
25.6,76.4,48.4,Black,Rice,27,33,38,17-17-17
29.2,47.1,54.5,Alluvial,Wheat,38,14,7,Urea
23.1,72.8,64.8,Red,Wheat,37,15,24,20-20
19.0,72.6,25.9,Alluvial,Maize,24,9,26,20-20
34.4,56.9,58.6,Laterite,Maize,25,49,41,17-17-17
30.6,82.1,35.3,Alluvial,Pulses,11,14,27,20-20
37.3,79.4,60.0,Laterite,Wheat,37,42,24,17-17-17
25.3,45.6,30.8,Black,Sugarcane,4,4,32,DAP
29.4,79.2,50.8,Sandy,Sugarcane,31,46,41,17-17-17
25.9,79.6,64.2,Clayey,Barley,44,19,26,20-20
30.9,42.0,46.7,Loamy,Wheat,48,28,0,14-35-14
26.6,78.2,56.1,Loamy,Sugarcane,7,41,35,10-26-26
24.8,84.9,58.0,Red,Millets,44,22,16,20-20
34.2,40.6,61.2,Laterite,Pulses,3,19,39,20-20
32.4,49.3,31.4,Clayey,Pulses,22,23,48,17-17-17
20.2,70.9,37.2,Clayey,Tobacco,9,32,23,10-26-26
26.2,55.6,42.8,Sandy,Wheat,14,31,7,10-26-26
33.7,71.4,39.2,Black,Groundnuts,21,40,33,17-17-17
21.7,81.7,53.2,Red,Maize,46,26,42,17-17-17
19.3,51.4,32.9,Sandy,Wheat,45,31,3,14-35-14
34.4,68.6,34.2,Black,Tobacco,25,20,7,20-20
22.4,77.1,48.3,Alluvial,Sugarcane,46,47,22,17-17-17
29.3,47.1,59.2,Laterite,Cotton,11,43,5,10-26-26
31.7,54.1,61.4,Laterite,Pulses,46,41,40,17-17-17
36.6,68.3,64.8,Clayey,Pulses,32,0,20,20-20
33.3,75.0,55.8,Clayey,Rice,14,46,7,10-26-26
23.3,50.4,41.0,Sandy,Tobacco,40,37,20,20-20
26.6,54.7,50.8,Red,Barley,3,37,47,10-26-26
32.0,67.8,48.0,Loamy,Pulses,24,21,23,17-17-17
20.9,80.6,28.3,Clayey,Rice,1,1,27,20-20
30.2,55.0,58.1,Loamy,Groundnuts,8,25,30,20-20
35.6,83.3,59.3,Black,Cotton,32,36,4,14-35-14
26.8,57.6,51.9,Clayey,Barley,44,21,27,17-17-17
32.6,56.3,52.7,Black,Sugarcane,6,36,24,10-26-26
33.0,54.2,50.3,Red,Barley,31,16,30,20-20
33.6,83.0,48.2,Black,Millets,39,25,36,17-17-17
24.9,65.5,62.3,Clayey,Tobacco,37,1,37,28-28
28.6,47.9,50.4,Sandy,Tobacco,39,43,46,17-17-17
31.9,66.4,50.3,Sandy,Wheat,48,10,33,28-28
18.3,54.4,32.8,Red,Cotton,36,11,31,28-28
22.7,80.9,45.1,Laterite,Rice,33,29,38,17-17-17
25.7,55.3,50.4,Sandy,Maize,34,47,22,17-17-17
26.8,75.8,59.5,Loamy,Millets,18,47,48,10-26-26
18.8,62.3,25.5,Sandy,Sugarcane,35,32,25,17-17-17
33.5,80.8,34.4,Laterite,Cotton,42,45,35,17-17-17
18.5,53.2,47.3,Clayey,Sugarcane,35,4,43,28-28
37.4,55.5,39.0,Loamy,Pulses,21,0,42,20-20
24.3,84.3,43.6,Laterite,Barley,44,0,9,Urea
33.1,40.4,63.4,Alluvial,Maize,23,43,29,17-17-17
29.7,55.7,58.7,Black,Cotton,6,29,48,20-20
33.0,82.6,40.1,Loamy,Rice,10,15,33,20-20
19.1,66.5,55.3,Red,Groundnuts,25,25,32,17-17-17
18.5,74.4,61.6,Clayey,Sugarcane,1,17,12,20-20
27.1,46.0,45.9,Alluvial,Tobacco,1,11,3,20-20
24.9,40.8,35.1,Red,Cotton,30,5,21,20-20
26.3,61.7,43.4,Sandy,Rice,20,21,35,20-20
26.6,60.4,60.2,Clayey,Cotton,30,12,39,28-28
27.9,80.5,37.9,Clayey,Maize,12,49,25,10-26-26
26.0,83.5,49.5,Black,Rice,31,14,40,28-28
22.9,72.2,45.9,Alluvial,Groundnuts,8,2,45,DAP
28.7,78.1,41.3,Red,Rice,4,49,14,10-26-26
23.2,53.5,51.4,Sandy,Pulses,41,38,21,17-17-17
25.9,57.8,35.2,Loamy,Groundnuts,9,24,25,20-20
36.8,77.2,59.3,Laterite,Sugarcane,11,31,18,10-26-26
21.2,41.0,56.4,Alluvial,Groundnuts,14,9,42,DAP
30.9,52.2,29.9,Black,Rice,36,39,2,14-35-14
31.9,50.1,27.7,Laterite,Sugarcane,36,11,7,Urea
33.0,58.0,28.3,Loamy,Wheat,17,5,23,20-20
21.6,43.7,38.1,Red,Tobacco,46,25,5,14-35-14
18.8,59.4,40.3,Clayey,Wheat,47,49,26,17-17-17
37.7,53.6,26.2,Red,Cotton,38,23,8,14-35-14
37.1,69.3,51.9,Alluvial,Pulses,7,38,13,10-26-26
32.3,67.5,42.1,Loamy,Maize,44,19,3,20-20
25.0,49.7,29.7,Red,Cotton,32,17,35,20-20
28.9,61.6,62.0,Loamy,Wheat,21,12,0,20-20
24.4,52.4,41.3,Sandy,Millets,12,15,43,20-20
20.2,83.3,55.0,Clayey,Groundnuts,36,34,40,17-17-17
26.2,69.8,50.3,Black,Groundnuts,6,18,17,20-20
18.5,60.3,55.3,Laterite,Millets,29,31,19,20-20
28.5,54.6,46.0,Alluvial,Tobacco,38,41,26,17-17-17
36.9,55.1,50.6,Loamy,Sugarcane,8,21,10,20-20
35.4,44.7,25.1,Red,Maize,14,0,37,DAP
30.2,84.8,37.0,Red,Maize,31,37,47,17-17-17
21.3,50.0,31.2,Clayey,Rice,10,36,45,10-26-26
19.0,62.7,52.9,Loamy,Pulses,38,20,9,20-20
25.5,78.2,31.5,Alluvial,Groundnuts,8,30,5,20-20
25.6,76.2,51.1,Sandy,Rice,40,15,27,20-20
25.6,84.4,53.2,Laterite,Wheat,20,22,32,20-20
22.1,50.5,41.6,Loamy,Millets,41,16,24,20-20
21.8,61.2,60.5,Sandy,Millets,23,16,32,20-20
19.0,65.8,38.4,Laterite,Pulses,44,40,27,17-17-17
37.0,66.2,57.6,Red,Tobacco,2,39,11,10-26-26
27.8,73.0,47.7,Alluvial,Groundnuts,18,1,43,20-20
27.8,44.3,40.8,Clayey,Rice,35,0,32,28-28
25.0,77.0,50.9,Laterite,Maize,27,41,21,17-17-17
29.9,78.7,33.6,Alluvial,Pulses,15,15,36,20-20
36.8,65.6,45.1,Loamy,Rice,20,7,1,20-20
29.3,40.3,33.6,Loamy,Tobacco,34,2,42,28-28
35.4,68.9,34.2,Black,Tobacco,31,1,33,28-28
32.4,55.7,48.5,Black,Maize,16,13,17,20-20
28.3,76.6,44.9,Loamy,Rice,33,15,33,20-20
34.6,64.8,64.4,Clayey,Maize,6,3,17,20-20
22.9,53.4,48.1,Sandy,Rice,14,16,45,20-20
24.3,75.2,32.0,Black,Maize,7,21,26,20-20
19.2,79.3,36.6,Alluvial,Groundnuts,13,35,24,10-26-26
28.3,49.4,49.3,Alluvial,Cotton,41,11,29,28-28
28.0,48.8,54.2,Black,Tobacco,10,33,43,10-26-26
37.1,81.7,35.5,Clayey,Cotton,5,31,32,10-26-26
25.5,67.9,55.5,Laterite,Groundnuts,30,4,28,28-28
27.5,76.0,45.2,Clayey,Groundnuts,8,28,19,20-20
22.6,48.3,56.1,Loamy,Groundnuts,41,14,14,Urea
28.3,80.7,56.6,Black,Maize,46,10,24,20-20
20.2,75.8,32.3,Black,Maize,37,42,5,14-35-14
32.9,62.0,31.2,Red,Wheat,39,33,36,17-17-17
27.6,73.7,51.4,Alluvial,Wheat,4,21,16,20-20
22.3,63.7,34.6,Alluvial,Millets,0,18,49,20-20
35.9,69.2,54.0,Red,Maize,33,46,38,17-17-17
26.3,83.4,41.0,Black,Wheat,2,16,22,20-20
28.0,62.2,48.5,Black,Millets,30,8,28,28-28
35.2,63.1,52.3,Red,Groundnuts,47,9,23,20-20
20.9,46.5,31.7,Clayey,Tobacco,27,40,17,20-20
29.7,43.0,51.1,Black,Groundnuts,45,44,8,14-35-14
32.5,43.2,52.3,Red,Rice,5,36,28,10-26-26
18.2,54.9,27.5,Alluvial,Pulses,31,13,34,28-28
20.0,75.5,52.4,Clayey,Rice,33,43,7,14-35-14
18.6,44.8,47.0,Laterite,Sugarcane,14,31,35,10-26-26
22.3,66.8,28.7,Laterite,Groundnuts,46,1,8,Urea
18.5,80.6,27.8,Black,Wheat,14,45,13,10-26-26
34.1,69.8,38.1,Sandy,Millets,29,34,16,20-20
27.1,71.2,58.3,Alluvial,Rice,24,38,13,14-35-14
18.7,77.2,36.4,Red,Pulses,38,37,24,17-17-17
26.6,57.0,50.3,Clayey,Sugarcane,26,38,26,17-17-17
19.4,52.1,47.7,Red,Sugarcane,14,1,42,DAP
30.4,44.1,42.3,Red,Wheat,15,46,32,10-26-26
33.3,65.8,55.3,Loamy,Millets,47,1,4,Urea
35.4,83.6,38.7,Clayey,Millets,46,31,11,14-35-14
34.6,71.7,51.5,Loamy,Tobacco,46,48,33,17-17-17
34.9,47.7,39.7,Clayey,Millets,10,44,46,10-26-26
31.6,83.5,39.5,Black,Maize,28,6,20,20-20
18.8,63.2,27.0,Red,Cotton,45,38,17,20-20
34.5,69.8,31.5,Red,Sugarcane,33,16,47,20-20
36.5,47.5,35.7,Black,Tobacco,23,37,2,14-35-14
24.3,47.4,26.6,Red,Maize,33,8,23,20-20
26.9,68.1,30.6,Red,Tobacco,21,13,3,20-20
27.6,48.4,29.8,Loamy,Maize,47,31,14,14-35-14
25.0,83.1,28.3,Sandy,Pulses,20,39,49,20-20
21.3,49.1,60.6,Black,Rice,4,3,29,20-20
31.2,77.2,52.4,Red,Millets,23,21,27,17-17-17
23.9,76.1,52.9,Red,Wheat,23,26,44,17-17-17
27.9,55.6,37.8,Sandy,Pulses,15,19,9,20-20
35.0,53.3,25.3,Black,Tobacco,25,6,37,20-20
37.3,43.2,43.9,Loamy,Maize,49,20,38,20-20
34.9,69.3,63.3,Laterite,Rice,47,14,49,28-28
31.6,80.0,43.0,Red,Millets,38,35,11,14-35-14
34.4,53.5,57.6,Sandy,Tobacco,13,32,2,10-26-26
28.2,68.3,51.8,Laterite,Millets,37,3,3,Urea
32.7,52.8,36.9,Loamy,Barley,33,5,31,28-28
24.3,78.4,57.1,Alluvial,Groundnuts,4,9,46,DAP
34.7,53.6,58.3,Black,Barley,12,48,46,10-26-26
20.1,46.3,64.1,Clayey,Groundnuts,40,6,4,Urea
33.2,49.3,52.8,Red,Groundnuts,44,0,32,28-28
28.5,46.2,47.9,Clayey,Groundnuts,31,45,29,17-17-17
28.3,43.8,43.8,Laterite,Pulses,24,39,41,17-17-17
18.7,66.5,42.5,Clayey,Millets,43,9,47,28-28
29.6,83.3,34.5,Loamy,Pulses,44,19,33,20-20
34.5,77.7,54.1,Alluvial,Millets,11,11,4,20-20
24.1,59.7,27.6,Laterite,Wheat,41,12,9,Urea
31.4,40.8,46.0,Sandy,Cotton,36,2,12,Urea
37.2,53.5,59.5,Red,Sugarcane,22,49,39,17-17-17
28.0,68.4,30.5,Sandy,Pulses,44,27,30,17-17-17
33.1,72.7,61.5,Loamy,Cotton,15,13,33,20-20
18.1,62.2,39.4,Laterite,Tobacco,42,18,8,20-20
19.7,53.1,46.7,Sandy,Cotton,34,39,2,14-35-14
34.0,61.8,48.0,Laterite,Groundnuts,6,10,10,20-20
34.2,74.7,33.9,Laterite,Cotton,29,47,38,17-17-17
31.9,42.3,36.7,Alluvial,Sugarcane,20,26,36,20-20
20.2,59.8,62.3,Red,Groundnuts,27,26,15,20-20
22.7,56.7,30.9,Red,Sugarcane,21,30,18,20-20
25.6,72.2,39.7,Loamy,Cotton,44,14,26,28-28
29.0,68.5,48.6,Alluvial,Millets,29,24,29,17-17-17
21.4,65.6,39.3,Black,Barley,36,6,6,Urea
37.3,57.6,41.0,Alluvial,Tobacco,47,1,12,Urea
24.3,74.3,58.3,Red,Wheat,1,5,25,20-20
24.1,50.0,33.5,Loamy,Cotton,7,48,49,10-26-26
27.5,43.1,27.1,Red,Wheat,35,4,6,Urea
26.1,44.6,46.3,Loamy,Tobacco,1,30,24,20-20
22.2,47.3,46.9,Black,Maize,11,21,34,20-20
28.3,61.1,54.6,Alluvial,Millets,0,45,12,10-26-26
18.3,73.8,34.5,Laterite,Rice,49,30,25,17-17-17
30.3,56.0,26.2,Clayey,Cotton,16,46,37,10-26-26
29.2,43.5,63.0,Clayey,Maize,14,36,1,10-26-26
32.6,74.3,55.8,Sandy,Barley,12,22,21,20-20
29.1,63.7,35.1,Red,Cotton,29,29,45,17-17-17
32.8,51.5,52.9,Black,Millets,2,33,24,10-26-26
27.0,44.3,38.4,Loamy,Millets,1,42,31,10-26-26
22.4,68.4,40.3,Red,Sugarcane,0,3,14,20-20
31.0,69.6,57.1,Laterite,Cotton,2,38,38,10-26-26
24.4,59.1,44.7,Clayey,Rice,2,32,46,10-26-26
23.0,58.4,45.6,Black,Tobacco,14,44,6,10-26-26
33.0,59.6,29.4,Black,Pulses,29,19,19,20-20
30.5,50.4,53.7,Clayey,Groundnuts,29,1,7,20-20
22.9,79.7,47.4,Black,Tobacco,30,19,36,20-20
30.0,73.9,42.3,Black,Millets,16,25,14,20-20
19.2,47.6,56.8,Sandy,Tobacco,10,32,37,10-26-26
29.9,75.0,45.2,Sandy,Groundnuts,0,24,22,20-20
20.9,71.4,30.8,Laterite,Maize,42,33,4,14-35-14
34.1,64.7,35.8,Clayey,Barley,39,49,10,14-35-14
21.8,55.7,53.7,Black,Barley,43,5,30,28-28
22.9,40.8,53.8,Alluvial,Sugarcane,20,37,34,20-20
23.1,60.0,51.4,Loamy,Sugarcane,43,34,8,14-35-14
20.3,75.1,53.8,Clayey,Rice,36,34,47,17-17-17
25.9,52.6,34.1,Sandy,Rice,31,16,10,20-20
32.9,61.9,37.7,Clayey,Sugarcane,16,2,26,20-20
37.9,69.3,33.7,Sandy,Maize,25,3,0,20-20
23.4,76.7,39.4,Clayey,Millets,15,49,21,10-26-26
19.1,66.8,30.8,Clayey,Millets,16,19,34,20-20
33.6,50.6,55.1,Loamy,Maize,13,20,1,20-20
21.0,61.9,30.7,Laterite,Cotton,16,39,18,10-26-26
37.6,71.7,55.1,Laterite,Barley,33,23,31,17-17-17
19.3,46.5,60.3,Loamy,Tobacco,11,47,25,10-26-26
25.6,57.5,47.2,Sandy,Barley,43,18,37,20-20
37.7,55.8,50.8,Loamy,Sugarcane,17,31,9,10-26-26
37.5,56.7,25.9,Laterite,Maize,13,8,1,20-20
33.1,64.6,36.2,Black,Sugarcane,25,26,45,17-17-17
26.1,67.3,42.6,Clayey,Cotton,23,16,23,20-20
27.6,61.7,37.7,Black,Barley,15,35,15,10-26-26
26.4,43.3,25.3,Clayey,Millets,19,30,32,20-20
24.4,63.7,62.9,Black,Barley,31,45,45,17-17-17
28.0,56.2,30.6,Laterite,Tobacco,47,39,19,20-20
37.2,54.7,64.3,Red,Millets,5,45,9,10-26-26
18.4,56.2,60.6,Red,Pulses,28,2,46,28-28
32.0,46.7,59.7,Loamy,Rice,2,3,1,20-20
35.0,81.9,62.2,Alluvial,Groundnuts,15,22,7,20-20
25.6,76.4,48.5,Red,Cotton,22,2,42,20-20
35.0,76.5,32.3,Black,Rice,38,14,13,Urea
20.0,80.6,50.2,Alluvial,Barley,4,29,4,20-20
26.1,59.9,27.4,Black,Sugarcane,24,13,49,20-20
26.2,77.7,32.4,Black,Tobacco,9,16,14,20-20
35.7,62.9,50.7,Red,Maize,48,48,16,20-20
27.9,71.2,63.1,Alluvial,Cotton,14,4,40,DAP
19.8,62.1,49.8,Red,Groundnuts,4,32,48,10-26-26
26.2,44.9,40.7,Sandy,Sugarcane,12,10,41,DAP
21.1,71.1,63.4,Sandy,Tobacco,16,41,15,10-26-26
19.8,72.8,49.1,Clayey,Sugarcane,46,2,8,Urea
33.6,81.7,64.6,Alluvial,Millets,32,34,0,14-35-14
27.0,44.4,54.1,Laterite,Tobacco,0,14,29,20-20
25.4,44.8,54.3,Black,Barley,4,6,44,DAP
36.9,79.2,35.0,Red,Millets,43,25,12,14-35-14
33.6,71.9,32.3,Sandy,Pulses,15,21,36,20-20
35.0,47.6,53.2,Clayey,Cotton,17,11,49,20-20
27.1,84.4,48.2,Alluvial,Pulses,34,24,26,17-17-17
33.1,56.6,53.6,Red,Barley,2,21,44,20-20
22.4,67.4,57.7,Clayey,Groundnuts,12,5,41,DAP
37.8,61.8,43.7,Sandy,Tobacco,43,29,43,17-17-17
26.9,47.6,43.4,Laterite,Millets,28,8,31,28-28
27.1,60.6,25.7,Sandy,Sugarcane,9,45,11,10-26-26
23.6,63.5,38.8,Red,Maize,44,1,33,28-28
35.5,40.5,27.5,Red,Rice,26,6,20,20-20
34.7,48.7,53.4,Clayey,Pulses,13,37,37,10-26-26
18.9,49.0,61.3,Laterite,Cotton,22,0,24,20-20
35.2,64.2,60.1,Loamy,Maize,10,24,12,20-20
28.9,76.5,50.9,Alluvial,Cotton,15,27,47,20-20
35.4,49.7,44.4,Clayey,Sugarcane,2,10,32,DAP
20.4,66.6,63.8,Black,Sugarcane,38,39,48,17-17-17
18.4,79.5,57.4,Alluvial,Tobacco,25,38,31,17-17-17
31.1,60.9,31.1,Red,Groundnuts,35,5,9,Urea
26.3,83.8,54.4,Sandy,Millets,20,44,0,20-20
20.8,73.1,59.6,Black,Groundnuts,29,3,13,20-20
33.5,79.6,35.4,Red,Cotton,1,47,27,10-26-26
21.7,77.7,54.7,Laterite,Pulses,38,27,20,20-20
28.8,67.6,44.2,Alluvial,Groundnuts,46,2,32,28-28
26.0,55.4,45.4,Loamy,Tobacco,7,19,35,20-20
33.8,71.4,32.7,Clayey,Cotton,42,8,16,20-20
32.5,72.6,35.8,Loamy,Groundnuts,43,4,43,28-28
26.3,45.3,38.2,Clayey,Sugarcane,8,21,30,20-20
21.3,68.8,57.5,Red,Pulses,11,9,35,DAP
27.8,82.8,32.6,Red,Barley,45,44,26,17-17-17
34.6,52.9,32.4,Sandy,Sugarcane,20,23,16,20-20
29.6,55.3,46.2,Alluvial,Groundnuts,0,34,48,10-26-26
22.7,52.8,29.5,Red,Tobacco,46,19,42,20-20
27.7,78.4,32.9,Sandy,Rice,35,39,21,17-17-17
18.5,60.2,49.4,Red,Groundnuts,33,47,10,14-35-14
21.5,68.4,29.9,Loamy,Tobacco,1,16,41,20-20
22.2,71.8,36.4,Black,Barley,11,48,31,10-26-26
23.4,67.3,29.9,Clayey,Barley,48,45,32,17-17-17
22.6,76.8,34.4,Alluvial,Cotton,47,17,35,20-20
33.9,47.8,61.2,Red,Millets,38,11,33,28-28
21.7,40.4,43.9,Loamy,Sugarcane,31,37,10,14-35-14
26.6,75.5,53.6,Alluvial,Millets,17,17,28,20-20
24.8,84.6,35.1,Clayey,Maize,11,3,31,DAP
34.8,73.6,64.7,Alluvial,Pulses,21,9,6,20-20
21.2,62.4,28.6,Clayey,Cotton,49,22,46,17-17-17
38.0,48.2,52.8,Red,Tobacco,33,28,31,17-17-17
26.2,70.4,40.8,Red,Sugarcane,1,9,24,20-20
32.6,66.0,34.5,Laterite,Groundnuts,8,36,19,10-26-26
33.6,74.3,56.6,Sandy,Wheat,48,15,42,20-20
33.5,54.6,28.5,Laterite,Groundnuts,23,23,27,17-17-17
21.0,70.6,29.2,Black,Millets,33,46,41,17-17-17
19.1,57.1,61.1,Red,Tobacco,10,20,33,20-20
26.6,66.0,43.5,Alluvial,Groundnuts,21,12,6,20-20
18.7,52.4,52.7,Loamy,Cotton,49,10,27,28-28
20.3,43.2,59.1,Red,Cotton,24,34,48,17-17-17
33.6,47.5,27.0,Alluvial,Wheat,46,9,0,Urea
25.6,63.7,26.2,Black,Barley,0,24,47,20-20
32.2,73.2,29.2,Loamy,Barley,16,4,41,20-20
25.9,53.8,41.3,Laterite,Groundnuts,16,26,12,20-20
37.3,67.1,57.5,Black,Rice,3,3,15,20-20
33.1,54.5,62.5,Alluvial,Pulses,1,22,2,20-20
23.4,49.8,27.0,Sandy,Tobacco,35,22,3,14-35-14
26.0,59.3,30.9,Alluvial,Pulses,26,16,14,20-20
28.8,48.9,46.6,Red,Millets,32,39,34,17-17-17
21.0,72.6,32.5,Black,Maize,30,24,37,17-17-17
19.8,57.7,48.9,Laterite,Sugarcane,34,10,10,Urea
32.6,68.0,55.4,Black,Tobacco,39,46,12,14-35-14
30.9,58.1,43.9,Laterite,Maize,22,7,32,20-20
25.1,46.3,40.9,Sandy,Tobacco,23,45,10,14-35-14
32.9,49.4,60.0,Sandy,Wheat,6,19,16,20-20
19.2,61.4,35.8,Red,Groundnuts,18,36,28,10-26-26
36.6,77.6,48.1,Red,Millets,10,35,13,10-26-26
26.2,66.7,26.4,Alluvial,Barley,38,28,3,14-35-14
33.9,56.1,63.3,Alluvial,Tobacco,36,42,39,17-17-17
20.8,41.4,62.4,Laterite,Groundnuts,20,29,9,20-20
34.8,73.5,27.4,Loamy,Barley,2,7,28,20-20
20.8,51.0,32.7,Black,Millets,49,11,39,28-28
33.9,56.0,55.7,Clayey,Sugarcane,0,14,21,20-20
32.3,80.5,30.2,Laterite,Cotton,3,42,32,10-26-26
19.1,70.5,38.1,Black,Sugarcane,30,5,40,28-28
27.0,57.5,34.6,Loamy,Cotton,12,36,20,10-26-26
25.1,64.6,46.3,Laterite,Sugarcane,36,23,36,17-17-17
18.3,43.4,48.2,Red,Pulses,46,14,35,28-28
24.4,62.8,55.0,Laterite,Maize,22,48,25,17-17-17
35.8,81.1,43.4,Red,Maize,26,38,5,14-35-14
32.5,76.7,59.9,Red,Groundnuts,20,43,40,20-20
25.3,48.2,52.5,Loamy,Maize,17,4,19,20-20
27.9,59.4,41.4,Black,Maize,0,7,20,20-20
35.5,79.7,34.1,Alluvial,Millets,37,1,34,28-28
32.5,53.7,27.1,Clayey,Barley,28,23,40,17-17-17
31.2,73.0,60.9,Clayey,Maize,22,30,37,17-17-17
32.3,40.6,37.6,Alluvial,Sugarcane,43,21,37,17-17-17
32.8,41.8,52.0,Sandy,Sugarcane,3,38,32,10-26-26
29.4,49.1,36.7,Sandy,Cotton,39,46,48,17-17-17
19.6,79.7,61.6,Clayey,Cotton,35,15,8,20-20
19.5,75.8,61.8,Clayey,Millets,26,0,46,28-28
21.5,65.4,42.6,Alluvial,Sugarcane,36,30,30,17-17-17
32.6,83.8,43.8,Alluvial,Tobacco,28,12,24,20-20
37.4,45.8,29.5,Laterite,Wheat,2,36,37,10-26-26
24.4,65.7,53.9,Alluvial,Pulses,19,11,16,20-20
21.7,42.4,47.9,Loamy,Pulses,40,30,12,14-35-14
19.0,44.5,53.1,Clayey,Pulses,48,43,27,17-17-17
21.4,61.9,54.4,Sandy,Sugarcane,38,36,27,17-17-17
32.8,54.4,29.2,Laterite,Groundnuts,31,0,3,Urea
37.9,59.9,32.5,Laterite,Maize,12,32,1,10-26-26
32.9,55.1,27.6,Loamy,Maize,29,27,8,14-35-14
31.4,60.9,58.2,Loamy,Cotton,49,25,21,17-17-17
24.1,58.4,37.1,Red,Pulses,24,28,30,17-17-17
22.7,65.3,30.0,Clayey,Sugarcane,33,41,46,17-17-17
21.1,58.6,50.2,Black,Barley,2,42,42,10-26-26
31.8,51.0,54.6,Alluvial,Wheat,9,19,9,20-20
19.8,61.4,59.3,Clayey,Rice,2,12,35,DAP
29.5,50.0,26.6,Loamy,Wheat,4,23,20,20-20
36.1,43.7,51.7,Sandy,Barley,6,23,26,20-20
30.7,48.4,31.8,Alluvial,Wheat,5,44,9,10-26-26
28.1,72.7,44.2,Black,Pulses,33,49,6,14-35-14
27.4,49.6,62.4,Red,Rice,32,20,24,20-20
22.7,71.2,56.2,Sandy,Tobacco,44,48,28,17-17-17
35.8,50.4,28.4,Red,Barley,19,34,11,10-26-26
26.6,57.5,63.4,Clayey,Rice,38,1,1,Urea
30.3,61.1,57.4,Sandy,Groundnuts,42,26,8,14-35-14
18.6,53.5,56.9,Alluvial,Barley,21,32,34,17-17-17
19.2,55.2,43.4,Black,Barley,2,27,5,20-20
28.1,47.0,30.1,Sandy,Wheat,39,30,36,17-17-17
20.1,54.5,31.8,Alluvial,Cotton,13,24,10,20-20
34.8,69.1,53.4,Clayey,Tobacco,41,43,46,17-17-17
37.8,77.4,48.6,Red,Pulses,14,36,10,10-26-26
28.3,44.5,51.4,Laterite,Millets,25,31,29,17-17-17
23.5,62.5,37.5,Sandy,Cotton,0,27,20,20-20
23.2,53.9,52.5,Red,Groundnuts,33,39,45,17-17-17
29.4,84.4,48.6,Laterite,Groundnuts,23,31,19,20-20
34.8,55.6,49.7,Sandy,Wheat,1,26,3,20-20
26.9,74.4,25.5,Laterite,Pulses,4,37,11,10-26-26
29.4,43.8,48.9,Alluvial,Groundnuts,23,46,11,14-35-14
26.7,44.2,54.1,Sandy,Wheat,20,33,49,20-20
33.3,73.3,25.4,Laterite,Millets,28,17,0,20-20
21.7,70.3,61.6,Loamy,Groundnuts,10,34,14,10-26-26
24.3,80.3,26.3,Sandy,Millets,5,3,43,DAP
19.2,79.2,32.4,Loamy,Sugarcane,22,18,7,20-20
24.6,71.2,59.4,Red,Sugarcane,27,7,28,28-28
24.3,81.4,63.8,Sandy,Wheat,40,33,24,17-17-17
28.3,78.0,42.5,Alluvial,Pulses,15,33,3,10-26-26
37.5,56.4,50.1,Loamy,Millets,16,18,35,20-20
37.9,69.7,56.8,Red,Millets,13,28,1,20-20
24.1,74.8,43.1,Sandy,Maize,44,17,31,20-20
22.1,63.7,27.6,Loamy,Cotton,39,33,13,14-35-14
22.0,76.8,54.8,Loamy,Barley,3,16,8,20-20
37.6,47.1,51.9,Loamy,Rice,35,16,44,20-20
34.1,59.2,65.0,Red,Maize,44,27,7,14-35-14
19.4,54.9,43.4,Clayey,Pulses,19,24,32,20-20
34.3,65.9,25.2,Loamy,Wheat,14,41,32,10-26-26
27.1,54.9,53.5,Alluvial,Groundnuts,11,7,15,20-20
24.3,80.6,34.4,Clayey,Barley,43,33,48,17-17-17
27.3,59.7,59.2,Sandy,Rice,14,38,25,10-26-26
32.6,44.0,39.0,Alluvial,Wheat,0,18,32,20-20
29.8,70.7,62.4,Clayey,Cotton,12,15,15,20-20
33.3,62.8,57.6,Loamy,Wheat,38,3,12,Urea
28.1,46.7,38.2,Black,Barley,27,46,44,17-17-17
32.0,71.2,43.4,Laterite,Groundnuts,30,40,12,14-35-14
35.0,53.3,50.7,Sandy,Maize,35,39,49,17-17-17
33.0,48.5,31.3,Laterite,Wheat,43,15,14,20-20
32.8,81.6,27.3,Loamy,Millets,43,34,49,17-17-17
24.6,66.3,53.1,Sandy,Millets,16,47,46,10-26-26
18.2,57.8,48.5,Alluvial,Sugarcane,10,33,10,10-26-26
23.1,60.9,54.3,Black,Sugarcane,35,41,26,17-17-17
30.2,68.1,42.6,Black,Groundnuts,6,2,11,20-20
33.9,46.9,39.6,Alluvial,Rice,9,14,37,DAP
29.0,68.2,44.2,Red,Tobacco,13,13,30,20-20
34.1,62.0,40.3,Black,Tobacco,35,11,35,28-28
25.4,50.1,57.6,Sandy,Maize,30,28,12,14-35-14
21.5,59.5,49.8,Sandy,Wheat,3,12,44,DAP
21.8,82.5,41.1,Loamy,Wheat,49,10,24,20-20
30.2,84.9,64.0,Alluvial,Rice,18,33,45,10-26-26
28.1,83.5,62.9,Red,Rice,6,44,44,10-26-26
32.4,67.8,28.7,Alluvial,Sugarcane,28,19,34,20-20
23.5,73.4,61.9,Sandy,Cotton,34,44,46,17-17-17
33.3,55.3,25.1,Clayey,Groundnuts,6,1,26,20-20
26.9,70.5,59.1,Alluvial,Rice,32,34,25,17-17-17
34.3,83.5,43.4,Laterite,Millets,32,20,33,20-20
19.5,72.1,46.4,Sandy,Barley,20,9,13,20-20
33.2,60.0,56.2,Loamy,Sugarcane,12,18,45,20-20
21.9,47.3,55.0,Alluvial,Maize,29,35,38,17-17-17
36.6,62.5,60.6,Black,Maize,15,8,4,20-20
33.1,81.7,54.8,Black,Maize,27,18,20,20-20
25.3,47.6,55.3,Clayey,Wheat,23,0,43,20-20
30.3,44.7,59.3,Red,Maize,43,22,17,20-20
31.2,40.8,34.7,Alluvial,Wheat,32,21,49,17-17-17
37.0,48.3,53.3,Alluvial,Wheat,16,16,30,20-20
33.9,75.5,63.1,Loamy,Rice,42,12,13,Urea
33.6,76.2,57.9,Red,Barley,38,40,20,20-20
31.0,46.5,62.4,Clayey,Tobacco,34,15,33,20-20
35.7,44.1,46.7,Black,Cotton,29,19,41,20-20
31.8,80.1,60.0,Black,Barley,31,7,41,28-28
19.1,43.6,32.5,Black,Wheat,41,38,3,14-35-14
19.1,76.7,49.8,Clayey,Barley,20,6,4,20-20
27.8,43.8,35.5,Clayey,Cotton,21,8,28,20-20
37.1,52.5,42.8,Laterite,Tobacco,3,28,13,20-20
34.6,79.5,50.7,Alluvial,Pulses,3,2,45,DAP
28.8,80.8,26.6,Sandy,Pulses,45,6,47,28-28
22.9,74.8,27.7,Loamy,Tobacco,22,26,12,14-35-14
35.4,74.9,50.2,Alluvial,Pulses,20,19,19,20-20
